-0.98524,0.59222,0.023093,2.8366,0.92569,1.2029,-2.0066,0.80545,3.2894,3.0189,1
-3.7007,1.7494,-1.4368,0.34954,-2.5267,0.48619,-0.74455,-1.3874,-1.481,-1.1287,2
-0.23501,-0.93988,-4.0208,3.97,-2.7527,0.26767,0.30294,-8.0767,-2.1051,1.1501,0
1.4293,-4.9902,-2.3132,1.3452,0.85014,0.11684,-0.91184,1.5026,2.2665,-2.736,2
2.3887,2.3133,-2.2425,0.71476,2.0938,-2.7741,0.90258,3.7916,0.076786,-0.87476,2
0.76976,-1.7052,0.60746,2.3021,0.86668,-1.2727,-0.46611,-2.834,-0.4093,0.63509,1
-5.744,-1.5753,2.0958,-3.6788,-5.021,-0.21957,-1.8801,-2.5106,0.48345,-0.50173,0
-3.5988,-0.10869,-0.97806,-1.7448,-0.70729,1.3862,-3.6533,0.51413,-1.3044,0.4571,2
-0.91247,-2.335,-0.82566,0.78724,-0.092525,0.61978,1.0921,0.57743,2.2612,-1.1538,2
0.82779,0.3761,5.9517,-2.1576,-3.5002,-2.5795,-2.4965,-5.5172,-1.7686,1.9374,0
3.1159,-1.2531,1.8749,-0.10858,2.2791,3.8046,-0.6072,3.3425,1.7823,-0.12052,1
-3.0796,-0.82447,0.8587,-1.5417,0.42062,1.5974,-2.5639,0.36979,-0.53088,1.2107,2
-0.41351,-0.85077,0.82726,-2.2277,-0.38794,2.9375,0.42564,-0.68733,-3.1724,-2.1107,2
-1.7473,-0.78721,-0.16071,-1.0411,-1.1869,1.8815,-2.1587,-1.1749,0.52535,2.095,0
-1.6181,-0.59387,-0.19273,-0.0050216,-0.78475,2.645,-3.2616,-1.3498,-0.35347,1.6605,0
0.33271,-5.964,-2.3559,0.65466,0.40331,2.0246,-2.7145,-0.12849,2.163,-0.49753,2
0.72049,-2.5454,-1.3633,0.33865,1.9501,2.0013,-1.5734,-3.3232,-1.3839,3.9968,0
3.0835,-3.7384,-1.5873,5.2007,1.0691,0.22222,-0.34,-6.3146,-1.3479,0.68625,1
-2.4392,-5.6469,1.1547,2.0882,-0.37696,0.75116,-2.4348,-7.8745,-0.37083,3.3375,0
-0.35611,0.79445,3.2046,2.608,-0.0167,-0.6481,-0.0060412,-0.66195,-0.469,-2.3047,1
-0.36724,-1.4685,0.34155,-2.198,0.59469,0.60781,-2.4667,-0.34022,-3.5354,-1.1673,2
-0.11466,2.9984,1.125,-0.21514,-2.4839,-1.8127,-2.3521,1.9506,2.096,0.039388,0
-4.2244,6.887,-3.0915,1.0356,0.46314,-1.5078,2.0616,10.256,6.0004,-0.78956,0
2.6332,-1.9876,1.4192,1.5753,0.88365,1.214,1.1639,-0.22607,-0.19304,-2.7174,1
2.8531,0.6763,-0.1666,1.6957,-1.9241,-0.90305,-2.64,-2.2745,-0.45465,0.1135,1
1.5535,-0.17988,-0.92612,2.0461,-3.6185,5.8601,1.4503,-5.0593,-2.3761,-2.4843,2
-1.0106,0.023906,1.2651,1.8484,-0.13018,-1.7824,1.6226,-4.0026,-1.4835,0.37502,1
3.6726,0.94667,-3.299,1.6424,2.3082,-1.8165,1.0803,5.3314,0.37196,-3.9434,2
-0.71688,-0.19426,0.026736,-1.0851,NaN,NaN,NaN,1.7014,NaN,NaN,1
-0.84697,-0.60167,-0.13995,-3.5218,1.0264,3.124,-1.9492,0.63397,-3.5235,0.30775,2
-3.5,-1.1595,0.38289,-0.058481,-2.6717,0.90445,-1.782,-3.3209,-0.45765,0.18908,0
-4.3938,4.052,-3.7272,3.7666,0.021888,2.4345,2.6283,4.5412,4.4876,-0.19872,0
-0.75529,-1.4146,0.71429,-1.3169,-0.13559,1.9911,0.87809,-0.016834,-0.40906,-1.0314,2
-2.4588,-1.5846,-2.0075,4.163,-3.3781,0.74142,0.10627,-10.301,-2.9806,1.0684,0
-0.88823,-0.65282,2.3686,-3.6971,-1.876,2.4004,-1.3511,4.2028,2.5201,-1.9662,1
0.026684,-2.1245,2.8624,-1.3739,0.45324,0.42067,-2.7154,-0.91027,-1.53,-0.20886,2
-1.3163,0.88874,3.316,2.0605,0.29194,-1.9817,1.6924,-2.9344,1.1835,2.5791,0
0.42935,-0.66748,3.8217,1.9864,-0.20984,-0.088245,2.3173,-5.6341,0.60641,3.2697,0
-0.26261,0.57231,1.7976,-1.1314,-1.045,-1.6355,-0.063735,-0.93238,-0.5946,-0.0033927,0
-4.2606,-0.81491,1.9916,-4.0084,2.1031,-2.8087,-2.7025,3.3959,-1.5708,-0.36777,2
2.2505,-1.4507,2.5706,1.1909,-1.223,-0.39545,-0.35851,-3.8783,-2.5577,-2.4847,2
2.0603,-0.81512,-0.94727,0.86769,1.8553,-1.5456,0.4446,4.5828,2.325,-2.4752,2
1.6874,2.7647,-1.3775,1.6897,1.4009,-3.3452,3.2214,1.7974,0.1224,-0.93816,2
-1.4399,2.6106,2.0094,1.0373,0.053,-2.3487,-0.31048,-1.8955,-2.6032,0.1502,1
-2.4047,-0.22087,-0.87597,3.0401,-2.6316,-0.37261,1.9961,-6.8751,-1.341,0.39583,0
0.71728,-1.2115,1.7599,-0.45009,1.8781,-0.23349,3.392,-1.1022,-0.42793,0.64818,0
0.76984,-2.0189,1.0458,1.7197,1.3489,0.65078,-2.9882,0.95719,1.9295,0.54873,1
2.987,3.8399,0.71288,-1.1596,0.49081,-2.0836,-3.6714,3.9668,-1.3695,-0.55594,1
-0.28565,-0.080455,0.91224,0.77143,-0.85951,-1.8823,2.0821,-2.9934,0.1391,0.76023,0
2.9553,-1.337,1.3203,2.2388,3.0257,0.66272,-2.7478,0.81437,1.5426,2.3812,1
-1.7152,-1.878,-1.754,1.7705,-1.6426,-0.51071,-1.7985,-2.698,1.672,1.3413,0
-1.8342,-1.9166,0.24341,-4.0449,-2.6364,-0.47305,1.348,-0.45769,-0.84208,-2.5823,2
-0.95568,-2.2959,-3.0853,-0.96359,-1.8976,-2.7025,-1.5055,-2.9951,-0.71352,0.64194,1
1.2342,-0.6104,0.47555,0.60353,-1.4663,4.8665,1.7072,-4.039,-2.3598,-0.74805,2
-2.063,-1.4086,0.073346,0.051364,-0.97613,0.25185,0.40288,-4.4148,-3.682,-1.2566,0
-1.4786,0.83244,-0.97155,-2.3203,-1.538,0.0099224,-0.088455,0.92508,-0.30024,-0.41037,0
0.14399,-0.93826,-0.95812,2.7448,3.1311,1.1709,2.2354,-0.55744,-0.36783,0.48463,1
-0.85766,-0.90612,-0.99791,-3.7298,-1.9373,0.69456,-2.8689,-1.6624,-5.5979,-2.6874,2
1.7005,-1.7844,0.9995,-1.024,-0.47526,-1.9849,-1.3078,-2.0961,-1.0006,0.3163,1
-0.19632,1.6177,5.6631,-0.95766,-2.8908,-1.403,-0.93966,-4.3808,-0.19021,2.6583,0
2.4635,0.53022,0.87219,3.3841,-3.0147,-1.0287,-1.8251,-7.6783,-3.3065,0.098796,1
-2.0226,-1.2022,0.76048,-2.8314,-1.6604,1.726,-1.2826,-0.14015,-2.8434,-3.2132,2
1.2975,-0.91155,0.22,0.95083,-1.0954,0.092874,1.4766,-1.6169,-0.39638,-2.1342,1
-5.2031,-1.3593,2.7024,-1.1338,-3.383,1.0167,-0.95252,1.5504,3.1201,-3.0859,2
-1.303,0.62159,0.62127,-0.60091,0.81251,-3.5699,3.1307,0.35395,0.83535,0.62775,0
-1.8117,2.7786,1.4356,0.47858,-0.17749,-0.83907,0.44283,1.8842,1.6566,0.58027,0
-6.2978,6.3036,1.8066,-0.74117,-4.6785,-3.0736,-2.7343,1.1125,1.1331,0.4119,0
-1.7355,-3.0191,-4.9923,2.8388,-3.9628,-3.0565,0.26298,-8.8222,-3.2473,-1.716,0
-0.10251,-0.69525,-0.57271,2.3015,0.76737,0.37984,0.19984,-0.47924,0.60886,-0.21768,1
-3.5259,-1.3114,2.7191,-0.084175,0.64899,-1.1595,-2.7894,1.39,2.333,1.0214,2
-1.5593,-2.3874,-2.0849,3.5562,-2.5241,-0.2278,0.20694,-8.4624,-0.018312,2.913,0
1.1534,-3.9642,-2.3229,-0.20562,-0.30703,0.38803,-1.2647,0.63634,0.93411,-2.1779,2
2.9419,-2.1709,0.8188,1.2052,0.17392,2.4484,-0.090733,-2.1296,0.17014,0.3067,1
-0.062225,-1.5775,3.4498,0.097602,-2.0599,0.32747,-2.2557,-0.054763,1.9019,-1.7624,1
-0.31427,-1.4213,0.7261,1.0751,-3.0007,1.7568,0.20491,-2.4539,-0.43784,-3.4608,0
1.288,-0.12978,1.1131,3.9889,-0.86806,-1.9322,-0.68158,-2.4245,0.12545,-1.7525,1
-2.8628,-0.14643,3.6529,1.6172,-2.4634,2.0189,1.9129,-0.89213,2.707,-2.0229,2
1.9473,-3.2587,-2.235,1.407,0.18998,-1.4048,0.37928,0.36419,1.7847,-1.9976,2
2.4731,-2.4673,0.080482,3.0227,4.5609,-1.3326,1.6573,4.2164,1.5169,-3.6286,2
1.3558,0.63366,-3.8283,4.5955,-0.37387,-0.25218,2.5122,0.18251,2.2014,-1.7632,2
2.225,3.3169,3.9336,-0.66978,2.1891,-4.9426,-4.4255,4.1443,-2.4241,-1.6525,1
-0.11916,0.38703,-1.1566,0.013466,-2.4254,1.667,-0.37725,-3.1439,-3.0404,-1.5505,2
-2.9557,0.8361,-0.54553,-0.53543,-3.5741,2.8325,0.84649,-1.8162,-1.2197,-2.293,2
1.0069,-2.1349,-1.227,2.7576,-0.062096,0.79054,0.61674,-3.5987,-0.32248,0.046672,1
-0.26774,-2.0026,-0.045878,3.4334,-2.3357,-3.9906,0.02445,-7.2602,-2.374,-1.6766,1
0.39923,1.8092,2.027,1.6737,-2.1951,1.457,-0.16136,-2.0862,-0.47896,-0.88839,1
2.5408,-0.59072,1.3294,5.4591,0.92416,-5.5991,0.80167,-2.4252,0.25001,-2.2085,1
1.2669,0.84603,3.2626,5.3401,-0.19971,-4.4446,0.70589,-8.2273,-5.205,-1.4604,1
-2.4197,-2.3211,0.53886,-0.2537,-0.58304,-0.29788,-0.90213,-2.5854,-0.94003,-0.080837,0
0.70928,-0.4784,-1.2407,-0.28006,-2.7257,-2.5197,-1.9008,-5.0764,-2.4128,0.95553,1
2.4492,0.30283,2.377,4.9104,-1.3955,-1.9193,-0.80743,-2.9913,-1.1982,-3.9799,1
-4.1096,0.61874,2.2996,1.3894,-1.7905,1.137,-0.45511,0.13885,1.9719,-1.1486,2
-7.1619,-3.0904,2.1381,-6.0519,1.0719,-1.2796,-4.245,7.2342,2.1376,-1.677,2
1.3046,2.0143,1.947,4.7235,-1.407,-2.4435,0.42959,-3.2629,-1.8802,-3.2543,1
-2.1289,0.080372,1.5897,0.11256,-3.6303,3.8745,1.0937,-2.6995,-0.51094,-2.2165,2
-4.9488,1.8469,4.7257,3.1614,-4.4528,1.6196,0.59607,-9.5056,0.35553,4.466,0
-1.9012,-2.4008,-0.049882,0.78573,-2.333,3.2296,-4.1759,-3.9097,-0.33089,1.1642,0
0.68498,-0.42162,1.1821,2.9105,-1.1736,-0.075255,1.0977,-4.3276,0.89567,1.3507,0
-0.66647,-0.039132,1.4799,0.79237,1.6023,1.4711,-1.2144,1.2512,2.2129,2.5925,1
-1.8499,1.8147,0.33053,1.2584,-0.10825,-0.047087,2.4069,0.56607,2.1626,0.96644,0
-0.19451,-1.6172,-0.67907,-2.5363,0.26343,1.2764,-3.8884,3.6253,2.9408,1.976,0
-2.4604,4.0306,0.14997,0.70631,-0.91126,-2.4442,-0.47672,3.6879,2.6604,-0.067015,0
-0.045081,-0.1609,-1.1752,3.0593,1.0765,-2.0888,2.7675,-0.54003,2.1908,0.60948,0
-1.4689,-1.4843,-3.1899,-4.1634,-1.6658,1.5976,-1.2981,-0.053938,-3.4381,-1.994,2
2.3833,1.6912,2.1269,3.6574,-1.1352,-1.2945,-1.3579,-0.67824,-0.2241,-2.7809,1
-2.1712,0.28899,-3.3356,-2.8932,-4.4511,2.9111,-1.2776,-2.9472,-2.8568,-0.51782,2
-3.9798,-1.0104,-1.4092,1.1952,-5.0403,-1.8327,-0.3575,-4.995,-2.9458,-5.0419,0
-4.6659,-2.5077,1.3189,-1.3578,-3.3029,-0.066566,-3.3094,1.7624,1.9225,-4.1696,2
-0.26038,-0.28302,2.3765,-1.1911,0.1334,-3.7067,3.1981,-2.3424,0.013313,1.4737,0
1.686,-1.9232,4.3413,2.041,-1.6957,1.4466,-0.43005,-4.0535,0.63803,-0.54291,2
-1.3164,-0.67259,-3.7894,2.7211,-3.599,-0.48913,1.0956,-8.0867,-1.3249,1.8206,0
3.2592,0.75623,0.069769,3.377,4.1242,2.5257,1.891,0.94432,1.0105,2.3637,1
1.876,-0.86737,1.1868,2.1703,3.8527,-0.32867,-1.0239,-0.96108,0.12757,3.7249,1
0.51017,-1.6351,-1.0222,3.3222,1.0473,1.4731,-1.5771,-2.3724,-0.59125,0.51579,0
0.50176,4.4992,2.2983,-2.3856,-1.8144,3.3198,-2.4058,3.5668,-1.173,-1.4036,1
2.533,-2.8494,-2.0572,-0.40608,2.1475,0.16376,-1.8277,5.8399,0.93405,-4.4675,2
-2.0864,0.037141,-0.29346,0.99744,-2.1657,1.6844,-1.3122,-2.9265,0.14882,1.2194,0
-2.2556,-0.66416,-2.0798,-3.0884,-2.1613,-0.82423,-2.2811,0.61402,-1.0873,-1.1755,0
1.2286,2.4294,2.6599,-0.97735,0.62829,-1.3824,-4.2918,6.2247,0.12597,-3.1341,1
1.7915,0.074979,2.5073,1.0684,-1.0982,2.3553,0.82726,-4.6622,-2.5187,0.032556,2
-2.1257,0.77946,3.1622,-2.3623,-3.4133,-7.1406,-1.821,-4.403,-1.9757,0.82028,0
1.3531,-1.6526,-0.1399,-1.9673,-1.2011,1.5915,-1.5273,-3.2193,-4.2398,-1.1007,2
3.6169,-3.5043,1.2504,-2.9591,-3.7075,1.2026,-2.2283,-5.2029,-6.2797,-5.0178,2
0.73911,3.5426,3.4686,3.0038,2.5831,-4.9451,-0.51651,-1.0064,-3.2987,-0.1496,1
0.86389,0.66716,2.2342,4.5268,-1.9986,-0.12076,0.80928,-5.6967,-2.4228,-2.4513,1
3.0679,0.86856,0.091217,0.76625,0.4133,-1.4602,-0.68505,2.8979,1.7701,-1.0096,0
1.8346,-2.0394,-1.0707,1.9596,3.0272,-2.8357,1.5151,0.77959,0.32542,-1.017,2
-0.74814,2.7318,-5.1336,4.5488,-3.693,-3.0432,3.9463,-4.4195,-2.3973,-4.1491,0
-0.83036,0.18509,-1.6189,-0.36595,-1.1228,2.7743,-2.6824,-1.5603,-1.6138,1.1911,0
NaN,-1.4391,3.9584,NaN,-2.1601,NaN,2.4086,NaN,NaN,3.654,0
-1.3332,-0.73709,-0.12331,-1.0607,-4.4805,0.63562,0.1486,-3.5867,-1.2962,-2.2703,2
-3.4086,3.7725,-1.9251,0.19007,2.0529,-2.7881,1.2762,7.7156,2.8481,-1.2554,0
2.3122,-3.9248,-2.9115,1.5736,-7.837,2.1787,-2.1308,-9.8549,-1.3778,-1.7368,1
2.3823,-3.2767,1.4568,-0.4724,-1.1114,0.44484,-1.8773,-2.8285,-0.31635,-0.12733,1
-0.89344,-2.1301,-2.4799,2.1662,-0.79352,-0.50729,-0.040953,-6.3595,-2.634,1.0122,0
1.8805,2.5419,1.1776,-0.6813,-2.3873,-0.22807,-3.8842,-2.3603,-3.0063,0.6781,1
0.63267,0.75749,-3.0459,1.8469,0.25968,-1.4356,0.93279,0.73083,0.40199,-0.8675,0
-0.065972,-0.82618,3.3756,0.5545,0.22117,-0.14446,-1.76,2.6009,2.0157,-2.1418,1
1.0435,1.6953,3.6793,2.2115,-1.2783,3.1444,-0.45972,6.14,2.6041,-7.4756,1
NaN,-0.53037,3.3274,4.4011,NaN,-5.3961,NaN,-1.1847,NaN,NaN,1
-1.6633,-1.122,-2.6113,0.69415,-2.5741,-1.2319,-0.92325,-2.9538,-1.8859,-2.2852,0
0.80482,-1.4308,5.1348,1.1063,-1.5631,1.0054,3.2844,-8.6767,-0.12539,4.0707,0
-1.8606,1.9003,4.074,-2.0094,-0.45027,3.6853,-1.6597,6.6344,5.2244,0.43719,1
0.0072258,-1.0139,0.80759,3.8702,2.2933,-1.5115,3.9191,0.95292,3.3336,-0.89273,2
-3.3249,-2.7403,-0.15937,2.5896,-3.793,0.76582,-1.1195,-8.2943,-0.39264,1.3638,0
-1.3771,-1.3033,2.1503,0.61112,-0.5455,0.24881,-2.3872,0.15467,2.0264,0.26511,1
-1.983,-3.1891,-0.49174,4.6095,-2.4211,3.2121,-2.132,-11.421,0.21702,6.5452,0
-0.47277,-0.68497,1.5991,-0.5264,-1.6959,1.3356,0.54589,-2.4435,-0.19433,0.10755,2
4.0422,2.5832,0.62007,3.2715,7.133,-3.8342,1.7644,10.728,2.589,-3.822,2
3.3438,-4.0406,1.3215,1.2778,0.32027,2.2781,-3.4794,-3.4203,0.61425,2.3141,1
1.9037,0.067669,-0.6488,0.59619,1.5197,-3.697,1.9675,1.9842,0.013939,-2.2461,2
-0.84609,-0.95036,0.28987,-0.062006,1.1306,0.043899,0.98803,-1.9589,-0.75306,1.8274,1
1.0006,0.26096,3.1668,4.7036,2.67,-3.4994,-0.35667,3.5097,1.9637,-3.9608,1
2.3417,-0.95001,0.054747,2.2296,-2.4304,-2.0103,-1.4923,-4.4775,-1.5192,-1.5344,1
1.8196,-1.2779,-0.76406,1.9896,2.7001,2.709,0.85524,0.26866,0.70817,1.2276,1
-2.2177,-1.3674,0.41367,0.50243,-1.7403,0.65337,-0.3434,-4.0575,-0.10916,1.3782,0
-0.98061,-0.81889,-0.31015,2.5062,0.21609,-0.05993,1.0644,-3.8278,-1.0548,0.67751,0
-0.85708,0.52525,-0.60453,-2.27,-0.28087,1.2698,-0.85868,1.31,0.6974,1.9495,0
0.72492,0.80751,3.8847,4.1725,-1.7492,-0.76923,-0.38363,-3.1122,-0.74684,-3.1063,1
4.7672,-0.97939,1.0277,3.3285,-1.6973,-3.4709,-0.40847,-8.1197,-2.8601,0.60761,1
3.9084,-3.1308,1.2736,0.30879,-2.3163,2.0873,0.35915,-5.1693,-3.1788,-3.2815,2
1.2066,-1.4099,-1.3734,-2.3976,0.066288,-1.7413,-0.4954,0.10131,-1.299,-0.29225,2
-0.096105,3.9176,2.4375,0.35752,0.33951,2.4991,-2.3782,9.1494,1.6837,-5.641,1
-1.621,1.3851,-2.468,3.0629,-1.5711,-0.97771,1.0896,-0.46109,2.6633,0.26651,0
1.5343,-1.0648,2.3103,2.5103,3.8108,2.222,-2.7585,3.3088,3.0012,1.7908,1
0.067779,1.0505,3.2499,-0.15446,-3.8249,-2.3766,0.46951,-5.511,0.55057,2.4968,0
2.4055,-0.91875,3.6327,0.57133,1.9581,1.0004,-3.8211,1.2038,2.3027,3.1111,1
0.16668,-0.87167,2.0457,0.55628,-0.77486,-0.34959,-1.0929,-2.0879,0.75085,1.1872,1
-2.2567,2.5477,-0.6542,1.2381,-0.734,-0.28599,1.5087,1.6759,2.3347,0.23297,0
-4.3116,-0.15759,-0.52813,-0.86972,-2.8475,-0.4745,-0.71533,0.35923,-0.13825,-3.2203,2
-0.28454,-0.41254,-2.1791,3.1232,-1.5839,2.3933,0.16894,-7.8836,-1.9948,3.562,0
-0.0033504,-0.83916,5.0615,1.4303,0.1716,-1.3005,1.9312,-6.1325,-0.42748,3.2175,0
1.1805,1.4105,1.1792,-0.20161,1.8763,-1.4428,-2.3745,8.8864,3.5809,-2.9838,1
0.93572,0.50774,0.39659,3.0858,-0.97507,-0.73352,0.99939,-0.61578,-0.67997,-4.1969,1
0.87486,-4.9323,2.413,1.3416,4.272,-2.6053,1.4194,1.6796,1.1581,-2.5042,2
NaN,-2.4002,4.0485,-0.77466,NaN,1.7438,NaN,NaN,NaN,-1.254,1
-2.7625,-2.3037,1.6841,-1.4212,-0.41393,-0.0067887,-0.83208,-1.7952,0.99733,2.1069,0
-0.74657,-1.1379,2.2947,-1.0327,2.447,1.0904,-0.053151,0.58931,-0.46203,1.2883,2
-2.5005,1.6047,3.7175,-0.6665,-1.5772,-2.2076,0.069647,-2.6085,-0.68696,1.2143,0
-0.51281,-0.76738,2.3519,0.52396,-0.32988,2.0962,-0.41034,-1.4204,0.57709,0.74165,2
-2.2683,0.037182,-2.1848,4.415,-4.4922,0.025896,0.91201,-7.566,-0.99661,-0.79774,0
-2.2263,-1.0145,2.8407,1.5825,-0.21765,-4.6371,1.4102,-6.1578,-1.172,2.0365,0
NaN,-0.75339,1.9393,3.1208,NaN,-5.1776,NaN,NaN,NaN,-4.1428,1
0.63929,-2.0326,0.40133,2.3553,1.3562,1.2379,-2.9361,0.27372,1.7511,0.893,1
-0.70151,1.8919,0.80543,1.9663,-0.55809,0.9912,-0.15011,0.5431,1.691,0.43399,0
2.5686,2.9086,-6.967,3.2717,-2.7971,-0.71189,1.6598,1.0589,1.7458,-2.1794,2
2.0983,-1.3962,-0.50334,1.4145,-5.2532,3.1316,0.85522,-6.4924,-2.7754,-3.9095,2
-0.92893,-1.9896,-0.94431,4.0695,-1.0642,1.9367,-0.43263,-8.091,-2.4139,1.6518,0
1.4838,-3.2802,-2.4896,-0.97361,-1.3954,-1.9338,0.89764,-1.8507,-0.29839,-1.7183,2
-0.92524,0.89096,2.0045,0.13382,2.8723,-2.7119,2.7911,1.9384,0.53023,0.3231,0
2.9655,-0.64191,0.3759,2.6559,0.93448,1.939,-1.444,0.90899,2.2998,0.5401,1
5.1173,-2.03,-6.4067,-0.0086885,0.10478,-1.3758,-2.6003,4.5261,-0.27401,-5.0835,2
-4.4893,-0.76866,0.77271,-5.5958,1.5854,-1.5418,-2.6211,3.8639,-2.9269,-1.2978,2
-4.4121,5.011,0.6912,-1.1288,-2.2764,-2.111,-0.5414,3.6236,2.2062,0.15624,0
-1.7582,-4.1256,1.9876,0.75375,0.5097,0.85268,-1.7515,-3.8231,1.187,3.0357,0
0.62115,3.2167,2.4909,1.1031,-2.414,3.2188,-2.6523,3.5641,-0.10218,-5.1091,1
-1.7294,-1.2335,1.0658,3.5692,1.3985,-3.2012,3.8962,-4.9349,0.628,2.2434,0
-0.1227,-0.6933,2.3056,0.78647,-2.4627,0.70519,1.2021,-3.9925,1.1451,0.94093,2
0.97266,-2.9433,1.2334,1.2163,0.78381,-1.4857,-0.65943,-3.8748,-1.515,0.3488,1
-0.13644,0.028148,3.5812,0.077857,1.2806,2.5283,-1.5282,3.0681,3.1695,1.3137,1
0.88114,-1.09,3.655,-0.63968,-0.44128,1.1439,-1.4812,1.028,1.5127,-0.75608,1
-0.19582,3.6356,1.5272,-1.8257,1.3941,0.15347,-1.4146,7.8494,1.5133,-1.579,1
-1.4673,3.4847,1.0934,2.1394,-4.205,-0.099903,-2.2592,-1.4362,2.4855,1.1978,0
3.5919,-1.5719,0.34359,2.6079,4.164,2.0264,-1.51,-2.345,0.38095,5.9468,1
-3.579,1.3243,5.3686,0.77347,-2.2231,-0.89253,3.3418,-7.1911,0.56994,4.5183,0
1.5251,-2.0344,-2.8465,1.4361,-1.3528,-1.6204,1.9489,-1.9851,0.9923,-1.3601,2
-2.6834,-0.73314,1.4875,-0.42316,-0.42766,1.5308,-1.0848,0.26802,0.2192,-0.6324,2
2.1224,-2.2749,0.84728,1.8856,1.1801,3.4156,-1.0141,0.6002,1.7845,-0.2221,1
-0.536,-3.0416,2.4221,-3.5701,2.9831,4.6266,-3.7289,-0.91799,0.44122,7.6079,0
2.1835,-2.4048,-3.4036,0.46846,-1.4352,-1.1635,1.3992,-2.1004,-0.53734,-2.1082,2
-0.86497,-2.7263,2.7565,-3.0057,-1.7636,0.048378,0.41448,-1.0159,-2.1009,-4.0663,2
-0.23686,-0.70295,1.5399,2.6889,4.9276,-1.5957,1.9903,0.98168,1.2819,2.034,2
1.3198,-0.39665,0.48526,1.585,-2.3048,-1.9176,-0.7299,-5.5167,-1.6008,0.49697,1
1.8217,3.344,3.3073,0.51782,-2.2201,2.4726,-2.6463,0.94735,-1.8588,-3.2173,1
1.5697,2.9506,5.9222,4.0889,1.3452,-1.9219,-1.5009,-0.53281,-1.7356,-1.8906,1
-1.5004,-0.92635,-1.0754,2.3887,-1.4949,1.1818,0.35207,-6.2708,-0.74751,2.702,0
1.2192,1.5601,0.066203,-0.42754,2.451,-1.9375,0.93609,5.3676,1.1971,-1.3477,2
-1.356,0.10304,-0.50356,3.6833,0.14027,-0.36771,4.6826,-3.0576,2.5302,1.9306,0
-0.8679,-4.117,1.4315,-0.86459,2.0105,2.6888,-2.8294,-3.5124,-0.34723,5.086,0
0.29055,-0.045882,0.046591,5.6644,3.2596,-1.2803,3.9404,0.94312,3.7562,0.34275,2
2.6031,-1.9147,-3.0146,-2.1494,-1.4841,-1.7943,-3.929,5.0704,1.9154,-3.6802,1
-0.18652,-0.84711,3.0089,1.4914,-1.4978,1.4051,-0.89396,-2.3194,-0.54087,-1.8862,2
-3.7896,-0.11969,-0.32718,1.3968,-6.1824,0.53093,-1.9443,-2.3159,0.61703,-4.5311,2
2.9664,-0.1845,-3.9461,-0.28688,-0.091161,-1.4702,-1.4321,5.1408,2.0374,-2.7796,2
-2.8928,-0.67912,0.87543,2.6669,-4.2654,-1.8647,2.7722,-9.8378,0.19752,2.8289,0
3.2955,0.51594,0.12186,1.9846,-3.3936,-2.7898,-3.1228,-6.7905,-3.3348,0.21422,1
-0.29866,2.9036,1.085,-0.0060572,-3.2618,1.0614,-3.6546,-2.2653,-2.762,-0.46353,1
0.75392,-2.3613,-0.67057,3.0623,3.4942,2.2854,-0.52098,5.8029,4.6569,-1.6929,2
-1.4184,0.5887,1.5028,2.6081,-5.4591,2.0522,-0.49772,-7.759,1.1385,2.6269,0
2.5412,-1.4328,2.0473,1.3213,-2.7661,4.4461,0.78805,-4.6834,-2.1562,-2.8037,2
1.6172,-0.85929,0.649,3.5821,0.8542,1.2121,0.18035,-1.242,1.1144,-0.05048,1
-2.5893,-1.6586,-0.082105,1.903,-2.4191,0.060518,-0.65859,-4.6201,0.93011,1.149,0
-1.2755,1.2692,0.0050985,-0.13584,-2.8672,-1.5747,-0.069461,-1.4507,1.0465,0.48174,0
-0.87147,-1.8821,1.0074,-0.64179,-0.056945,0.11625,-0.27612,-1.429,-0.25463,0.25898,1
-3.6134,0.031035,0.64924,-1.1416,0.70811,2.1121,-3.9699,0.99701,-0.12914,2.3832,2
-0.96294,0.65991,0.74724,1.3176,-2.047,0.18562,-0.77276,-1.0373,-1.3461,-3.2822,1
-2.7116,0.25523,1.1555,-0.37659,-1.2135,-3.4002,2.4947,-3.5416,-0.4605,1.2031,0
-0.29049,-1.404,0.48093,0.13765,-0.85238,-1.7863,2.7207,-2.6178,0.3657,-0.2031,2
1.4462,-2.0957,2.1036,-1.3964,3.534,1.3958,-2.2054,0.81715,-3.8763,-1.0675,2
2.046,-0.11775,-4.6262,2.5597,-1.371,1.1187,0.47425,0.90945,1.4878,-2.3709,2
-0.38882,2.8174,2.1077,0.71808,1.0937,-3.3969,-1.8814,-0.10215,-3.556,-0.94999,1
0.67078,0.76105,-1.0143,0.15643,-5.0339,1.5942,-2.7801,-3.4559,-1.7043,-1.7336,1
0.82549,-2.6805,-0.46928,-0.06228,-2.0522,1.3834,-2.0612,-2.538,0.62219,0.29017,1
1.5146,1.2172,-3.1702,3.4701,1.9934,-1.6606,1.0934,6.9968,4.6351,-2.9385,2
-2.3982,1.3135,-1.1184,1.2827,0.98158,-0.37141,2.9799,1.6112,1.54,-0.057742,0
0.83308,0.1828,1.4633,4.3539,5.3421,-2.8814,3.8133,2.7098,2.3275,-0.11445,2
-1.4777,-0.36749,-1.5521,2.5127,-2.7533,2.126,-2.6286,-3.2156,2.2168,2.532,0
-2.4158,1.3671,-0.65333,-1.3262,-2.8092,1.1407,-1.6843,0.093898,-0.67714,-1.0509,1
-1.4358,-0.47949,-1.3084,-2.148,-1.4152,2.2479,-2.9349,-1.104,-5.097,-2.8679,2
-0.65171,-2.7208,-0.0034951,-1.0758,-0.0036359,-1.6921,0.33214,-3.0455,-2.0775,-0.26959,1
-1.8714,0.24552,0.51089,0.74322,-2.3006,-2.7248,1.7601,-4.314,0.17252,1.1263,0
-3.1939,-1.2362,-1.6003,-2.7534,-1.781,2.9042,-3.0449,0.99568,-2.3356,-2.7457,2
0.84064,-2.63,-0.71739,2.0575,2.1172,3.0151,-3.249,2.0693,2.6493,1.0087,1
-0.19353,0.31186,2.4819,-2.1682,1.0639,2.0738,-1.1744,4.5155,2.722,0.97736,1
0.24672,-2.7337,1.481,-1.8663,2.0497,-0.95841,-0.42367,4.2616,1.667,-2.0402,2
-0.42438,1.8399,1.5359,1.5341,0.692,-2.1371,-0.5387,-0.081246,-1.5131,-0.97394,1
1.3862,0.87793,1.3598,-2.8644,0.92894,-2.1976,-0.089022,3.0936,0.96554,0.99385,1
1.446,-1.9064,-1.3747,-0.11567,0.12066,-0.12172,-0.20357,2.5157,1.8542,-2.0678,2
-2.4837,-0.90305,0.69494,3.6251,-1.1564,-2.8968,2.9441,-7.0709,0.65035,2.5616,0
2.7199,1.4454,-2.0263,2.4764,4.082,-2.5435,1.2587,6.4649,1.8711,-2.2116,2
3.356,-2.8841,1.8491,1.833,-0.42209,-0.30923,-1.3642,-3.5863,-0.42301,-0.5268,1
-3.8207,3.0692,1.7817,1.5422,-4.4573,1.9624,0.52074,-4.0461,1.576,2.2152,0
1.9642,-1.916,2.2791,1.8826,1.4328,1.811,-2.4365,-1.7375,1.2588,2.8626,1
-0.65366,-0.46637,-1.0596,1.1635,-2.68,0.4197,-1.417,2.1219,2.6025,-3.6266,1
-3.5488,-0.18357,0.89862,0.044498,-3.8895,3.1281,-1.2992,-1.7376,0.63719,-1.4623,2
0.27396,0.68458,-0.80462,4.4583,1.1053,-1.5049,3.1682,2.0309,4.9715,-0.15736,2
0.85378,-4.352,-2.5693,-0.98438,-2.1366,-1.1551,-0.72938,-3.0162,0.0072076,-0.89027,2
-4.0874,4.537,-0.71887,2.3676,-1.3885,1.2711,0.60384,2.6812,2.8188,0.027353,0
0.96361,-0.51225,1.9586,-0.96437,1.6399,2.9024,-2.322,5.0248,3.2866,0.67568,1
2.3586,0.30119,-0.40796,2.984,3.0907,-0.83221,1.567,-2.5078,-0.7949,3.2095,1
-4.4591,-3.3731,0.75682,-1.7754,-3.4235,-0.76015,-2.6552,-4.22,-3.0911,-3.0207,0
-2.7081,-3.0989,2.4222,-3.443,-1.3923,-0.79731,-2.3862,0.87992,-0.16703,-2.4934,2
3.7632,1.3451,4.8884,6.1666,1.4085,-5.0167,0.12203,-3.4091,-2.7847,-3.4002,1
0.090837,-2.3463,2.1906,-0.019395,0.1777,0.41958,-0.31719,-0.7668,0.61486,-0.52724,2
1.6517,1.8549,-3.979,1.8172,-0.61673,2.0644,0.34201,-3.3454,-3.6099,0.57254,0
0.28091,-0.8087,1.2824,1.7986,3.9019,-1.9131,2.3473,2.1416,1.6335,0.18925,2
1.7192,-2.8534,-2.288,3.4725,-2.1911,-2.7653,-0.16933,-5.6068,-0.17431,-0.99709,1
-5.0195,-1.0124,-0.10018,-1.071,-3.1993,0.9417,-2.7778,0.52683,1.9951,-0.99922,2
-0.15968,1.2486,0.40847,-0.40179,1.9731,-3.9058,-1.4907,5.8998,0.29232,-3.2631,1
-4.2059,2.0127,1.2228,3.3953,-0.90189,-2.1518,1.1465,-2.9658,1.2976,1.8458,0
5.3005,-1.5375,2.6664,2.2744,2.9825,1.081,-3.1235,0.92742,1.6823,1.9607,1
0.69478,-3.4299,-1.7655,-0.071765,-1.041,-1.9446,1.0432,-0.027705,1.6832,-2.5145,2
1.5086,-0.39296,-2.7562,0.089284,0.45963,-0.20095,-0.023673,3.3015,0.59713,-2.6678,2
-0.5242,2.263,-2.8298,-0.055838,-1.9664,0.1381,1.3085,-1.0005,-1.3795,-0.56595,0
5.4819,4.4325,4.2573,1.6915,1.1307,-2.1109,-3.614,4.506,-1.2146,-3.3029,1
1.3634,-5.0038,-2.7463,-0.022382,-2.2716,1.197,0.25877,-5.0314,-1.465,-1.6847,2
-0.6462,-1.5782,0.70994,-2.774,1.3291,2.5709,-0.18799,0.71625,-1.8875,-0.1196,2
-1.6512,-2.9559,-0.41371,2.6792,-0.7366,2.0217,-1.174,-8.0346,-1.0519,4.1667,0
0.83886,1.9736,3.1361,-0.26809,-0.2824,2.1147,-1.2906,4.1297,0.98324,-2.6391,1
-0.95248,-0.082318,-2.722,0.5981,-1.8077,-1.9607,0.27806,-0.17766,0.38482,-1.8548,0
1.5157,-2.541,0.66162,0.30554,-0.23945,1.5062,-0.060063,-2.7362,-0.35976,0.3379,1
0.6185,-1.4643,2.0465,0.29451,-3.9841,-0.20367,1.0921,-4.0406,-2.2126,-5.1002,2
2.0526,-1.4362,0.45766,2.7246,3.2727,0.95938,0.54525,-1.5377,-0.19176,2.0346,1
-6.4283,0.57412,-2.3707,-1.4802,-3.3649,4.5722,-2.3587,1.6966,0.069853,-2.2857,2
-2.243,3.959,2.1966,-0.28509,1.8427,0.31034,0.76286,5.7415,2.4706,0.63846,0
-1.782,-0.90927,-1.0765,1.526,-1.98,0.45351,-0.73391,-4.2237,-0.84823,0.48124,0
2.4739,-0.95201,-2.4893,2.7076,3.1632,-1.299,-0.24966,5.3702,2.0856,-3.0772,2
2.2435,-0.63419,-3.3811,-0.36398,0.49143,-0.092448,-0.56803,3.9465,0.53002,-2.9243,2
0.44188,-2.6856,4.3296,-1.6281,1.0922,0.78129,-3.0577,-0.25255,-1.0608,-0.17674,2
1.803,1.2981,-1.3307,2.3987,3.8294,-2.4073,1.9781,5.9325,1.6584,-2.6451,2
1.0566,1.3211,-1.1577,0.36868,0.21082,-2.7048,2.8837,-1.2121,-0.61116,0.65591,2
-1.7764,1.4539,0.73896,0.41468,-1.5262,1.5871,1.7996,-1.2561,1.1002,1.063,0
2.3339,-1.9543,2.4113,-0.98242,0.81007,1.7559,-3.9089,1.6296,2.2002,1.9128,1
-0.86004,-2.6858,-0.30431,1.7038,-0.12408,2.3028,-2.1699,-4.9217,0.12401,3.8355,0
1.0376,-0.35636,2.9884,0.66138,1.5622,1.3544,-1.6012,-0.9241,1.4403,4.0196,1
-1.9078,-0.82873,5.2068,3.0059,-0.85322,0.59179,-1.0897,-1.0175,2.597,-1.0438,2
0.83282,-3.0662,-1.1488,-1.1247,1.3552,0.47295,-1.8904,4.2098,1.7946,-2.1017,2
3.4266,1.3447,0.050482,4.3119,-1.9352,2.2982,-0.17065,-7.4436,-5.7117,-1.8085,2
1.2887,-0.25345,1.7165,1.3542,2.1865,2.1664,-1.9281,2.006,2.6398,2.5014,1
5.0055,-1.1371,-0.59871,3.2452,4.2727,2.7379,0.37577,4.2306,1.4687,-1.8404,1
-0.79806,1.1712,-0.82892,-0.91639,-2.4021,-0.44161,-2.4207,0.14795,-0.56457,-0.83989,1
-2.7856,4.3138,2.2176,-3.1081,0.92243,-0.0090197,-1.5619,5.7622,-0.084531,0.26238,1
3.592,-1.5094,-3.5599,-2.4279,-0.39222,-2.2255,-0.89306,0.90341,-2.8636,-3.0905,2
0.9974,-0.68484,-0.55378,-0.22207,-3.1777,-2.3154,-1.3232,-5.8258,-2.766,0.27679,1
-2.2845,-2.0162,-2.0948,3.7196,-0.52818,-3.1573,0.20375,-1.3858,1.5389,-2.0598,1
1.7242,2.033,3.0627,0.64604,2.8731,-3.7412,-2.0141,6.3941,1.0078,-2.6589,1
-0.29242,-2.7374,-0.12218,1.2254,0.60745,-1.586,3.3204,-1.3474,1.0914,-1.3358,2
0.35767,2.1737,1.2236,0.9975,1.0217,-1.5095,0.85962,2.8971,2.2958,0.33593,0
-0.27901,0.22847,-0.17352,-0.83871,-2.6562,0.61116,0.78481,-2.7945,-0.36567,0.50496,1
-0.23906,-3.4858,-1.3782,-2.7056,-0.54696,0.48135,-0.58843,0.30595,-0.17521,-1.2519,2
0.039597,2.2716,2.7217,0.04503,-0.53574,-0.15553,-1.9521,3.7789,0.44741,-3.0256,1
0.73391,-0.86257,-1.1494,2.6638,1.7665,1.3074,0.10018,-2.96,0.13415,3.5785,0
1.9678,1.681,1.3261,0.79391,0.41848,-3.2918,0.14825,-4.7251,-3.2692,2.7548,1
-3.2104,0.56611,2.2867,3.0305,-0.57641,-1.86,2.5561,-5.068,0.82957,2.6035,0
-2.0909,0.71125,-3.4905,2.07,-3.8528,-0.77171,0.071252,-4.3216,-3.7421,-4.0619,0
-0.82732,-2.0993,-1.5294,-2.7839,-5.9053,2.4545,-2.6651,-3.7288,-3.3626,-4.1176,2
-0.45226,-0.04458,2.4363,1.3213,-1.5128,-1.0813,2.381,-5.0414,0.94729,2.6002,0
0.74707,4.874,3.0712,-0.5452,0.79898,-1.1519,-4.9629,8.0896,-0.71191,-4.3267,1
-1.1124,2.0783,0.92296,-2.2078,-0.76049,2.3082,-2.1058,5.8113,1.2505,-2.2864,1
-2.627,0.23126,-0.35533,0.37531,-3.3094,1.4304,-1.4087,-1.6269,-0.16697,-1.548,2
-1.6849,2.3731,-3.4472,1.7643,2.6868,-1.0351,3.5805,6.5588,3.3293,-1.392,0
0.018638,4.4105,0.1225,-2.1354,0.65106,-0.24223,-1.3955,9.0311,2.0783,-2.1188,0
-1.2581,0.97479,-1.1044,-0.3586,-0.66636,3.3227,3.5946,-1.6012,-2.1933,-1.011,2
-3.6673,0.010295,3.3233,-0.13376,-2.406,0.3647,-0.85459,-1.1413,1.4545,-0.27691,2
4.3645,-1.1706,0.95964,2.0097,3.5123,-0.47584,-1.3186,-2.456,-0.72077,4.2716,1
-1.2488,2.4558,2.132,-0.30527,0.22246,-1.0631,2.6389,1.2373,1.9664,1.5041,0
-0.52528,-0.87699,5.5664,1.5665,-0.23025,1.2027,0.20801,-1.9421,1.4779,0.28158,2
2.339,-4.4814,-3.8105,-1.5371,-1.4806,0.48475,-2.3483,-0.057248,-0.42975,-2.7452,2
-3.0652,-4.0627,2.3359,-3.289,-1.0296,0.40205,-5.2949,3.2293,1.0219,-3.2004,2
-0.78895,0.066937,-0.52391,2.686,-1.1035,2.3129,-0.4895,-4.1319,0.37958,2.713,0
1.2925,-1.7643,2.2687,-0.81201,4.8072,-2.0798,-0.26374,3.879,0.57108,0.19926,2
-1.4211,0.81143,1.16,-3.5215,-4.3299,3.3549,-2.9809,-1.1261,-1.3383,-0.3906,1
-2.6463,-0.21693,-1.2849,-0.60224,-2.3824,-1.4684,0.044839,-1.5989,-1.3097,-2.0017,0
-1.6874,1.6348,0.66849,-0.98801,0.2378,0.45028,2.2527,1.7778,0.93123,0.28257,0
0.67341,-1.5854,-1.8475,0.53355,0.32633,1.0625,-0.17745,3.0995,2.5793,-1.7328,2
-0.17046,-0.81906,2.6887,0.69734,-3.3797,-3.1945,0.065448,-7.5033,-0.82185,1.8879,0
0.76097,1.4539,1.0586,-0.41856,0.83261,-1.7401,-1.3219,5.9131,1.4172,-3.2294,1
-0.42906,-0.54588,2.4705,0.16511,-0.84789,1.1797,-0.67176,-2.8869,-1.2447,0.33373,2
1.5074,-4.1969,-2.6618,0.26035,-1.5599,-0.93661,0.79676,-0.3236,1.419,-3.5908,2
4.621,-3.2288,-2.558,-2.3053,3.2639,-1.3027,-3.4365,6.9789,-0.79783,-4.5164,2
-3.2749,-2.4225,1.2996,1.0411,-1.7636,-0.087165,-0.38878,-5.2027,-1.5894,-0.61157,0
1.911,-0.039332,2.8106,-0.70064,0.8618,0.15707,2.4415,-0.39659,0.38525,0.79432,0
-2.9381,-0.020411,0.46019,3.8333,-3.6292,2.1728,1.1718,-9.8563,0.38836,4.7785,0
1.8476,1.7262,3.7162,3.1676,-1.3779,0.14033,0.77432,-3.9554,-1.6202,-1.2106,1
3.2085,-2.0088,1.1483,3.6765,0.61934,0.59846,-3.762,0.063864,2.4607,-0.052037,1
1.2532,-1.5753,5.0014,0.38559,1.9205,-1.9885,-1.5834,-1.71,-0.94151,0.90006,2
0.33689,-0.45146,2.793,0.0088855,0.46041,2.2792,-2.5076,1.9307,2.997,1.7919,1
-3.9053,-0.5832,2.5348,1.1254,-2.6671,2.7431,-1.443,-4.9389,1.5833,3.6043,0
-0.0010823,0.25583,1.768,-0.1677,-1.6474,-0.73737,1.4864,-2.9934,0.32791,1.265,0
-0.6753,-2.0027,-1.5614,3.3307,-1.0027,1.6028,-1.3515,-6.3933,-1.5896,1.6719,0
1.4056,0.56245,1.2667,0.78647,-2.3378,0.63164,1.0342,-2.8572,-0.70662,-1.0745,1
0.16603,0.65335,-0.81093,0.21249,0.80997,2.682,-0.71145,-1.1661,-0.72627,2.9771,0
2.9036,-3.443,1.6833,-2.9554,-0.50725,1.5676,-1.1904,-3.085,-3.3978,-0.77212,2
2.3282,-3.2503,-4.9224,1.0536,-2.2698,0.87733,-0.93159,-2.6436,-0.23034,-1.6637,2
-0.48528,2.6365,2.6668,-0.014677,0.4875,0.49409,-1.3062,5.3043,0.92041,-2.9463,1
0.64589,-2.0708,-3.703,1.3977,-1.3449,3.1574,-3.5417,-5.1975,-3.877,0.44006,0
0.79169,-0.097615,-0.33989,0.834,1.4187,-1.6173,2.7485,3.4416,2.0292,-2.4351,2
-3.4822,3.7259,2.3265,0.57116,-4.4595,0.63336,-1.4317,-2.4226,1.2217,1.6774,0
1.8043,2.3453,2.9543,4.7387,-0.87874,-0.37353,-0.029051,-1.8859,-2.1855,-4.2544,1
6.93,0.78004,0.76841,3.165,0.058432,5.0961,1.8869,-8.2353,-6.9335,0.10232,2
1.9091,2.6636,-0.14724,1.3592,-3.3431,-2.0233,-2.844,-5.6945,-4.5479,-0.050851,1
1.9351,-0.35189,3.6678,-0.73839,0.82212,1.3587,-1.042,3.55,2.0536,-1.2109,1
0.60856,-2.0007,0.29662,0.29697,1.245,2.0899,-2.8257,-0.57455,1.4788,3.4778,1
-0.62905,1.0921,0.8772,-0.96158,-1.6898,-0.44722,-1.5869,-0.48666,-0.85618,-0.32058,1
-0.33109,0.36716,0.8762,0.38363,-0.272,3.1731,-1.0877,-2.3796,-2.4324,0.52909,2
1.9076,0.40087,-1.2389,2.1176,-6.1197,2.4714,0.35503,-7.8508,-3.4132,-2.7072,2
-1.2869,1.008,-0.75039,-0.67011,-0.87755,0.18836,0.35076,0.2216,1.2012,1.5504,0
0.90682,-0.27636,-0.49969,1.2736,1.0037,-2.342,2.0366,0.34084,1.6746,0.35497,2
4.1146,-2.2441,1.4713,2.4494,3.4293,1.0979,-1.199,-0.092424,0.23432,0.88726,1
2.0463,-0.92712,-0.4631,1.3137,1.1264,3.4539,-0.78194,0.57446,1.7986,1.7203,1
-0.010359,4.1222,4.2646,1.037,2.5269,-1.5474,0.23415,4.6996,-0.47962,-2.1937,1
-2.6638,2.9705,-0.48713,-0.045893,-1.6731,-0.80647,-0.16462,2.0977,1.3137,-0.56582,0
-0.3113,-1.2316,1.3787,-2.1481,0.38188,-0.092886,0.35315,-0.97691,-2.1927,-0.52154,2
-0.0031933,-3.3326,3.8922,-0.28789,-2.3008,0.082261,-1.0667,-1.7149,1.1937,-2.6282,2
0.36126,-0.79852,0.90811,-0.46118,0.30735,1.4582,-0.75451,2.034,1.5611,-0.45101,1
-2.6802,3.6041,2.1897,2.4806,-4.693,3.248,-0.79168,-3.3106,2.6759,2.5,0
-2.2063,-1.806,-0.20746,-2.2803,-0.4241,2.4865,-2.3462,0.70493,-0.91978,-0.65813,2
0.69575,0.70399,-3.6506,3.5192,0.22236,2.2318,0.41566,3.551,3.5291,-1.5951,2
0.90562,-0.42446,2.4942,3.583,-3.0831,4.6694,0.70213,-7.1279,1.6077,3.164,0
3.8831,-1.5574,-2.8767,-0.24147,2.3735,-1.479,-1.1431,4.1793,-1.0269,-3.6116,2
1.3822,-0.41375,-3.8275,1.5193,-0.049409,1.31,-1.695,-2.1241,-0.25069,2.6666,0
1.0315,0.61217,0.84468,1.7384,3.5299,-8.0892,-2.0808,4.616,0.5708,-2.1377,1
1.3018,-2.9379,-3.0092,-1.3432,-1.3628,-0.62223,-0.53512,-0.032301,0.057221,-2.0391,0
-0.50657,-2.5581,-1.8476,2.7343,-0.72658,2.0124,-1.6215,-7.3705,-1.9177,3.2041,0
-1.2312,5.0985,0.65461,0.57372,NaN,NaN,NaN,8.5527,NaN,NaN,0
1.6383,-1.0645,-2.803,2.1502,-0.81449,-1.7398,2.0108,-2.1495,-0.15974,-1.6331,2
1.7838,0.25563,-0.087865,1.8897,-2.5613,-2.8686,-1.602,-2.7312,0.89612,0.18902,0
1.9528,1.8577,0.62595,1.7729,-1.8024,-1.2233,-0.93861,-4.3735,-2.7349,0.29366,1
1.494,-0.80233,-2.3967,0.71944,-0.034154,-0.81229,1.1364,1.9792,1.4558,-2.2036,2
2.4263,-3.182,0.16977,2.3128,2.0011,0.51338,-0.26054,-4.749,-1.6912,2.0252,1
-0.19089,-0.17397,0.6235,0.36796,0.45642,-1.7381,2.9262,-3.0391,-0.021844,2.3252,2
-2.1491,1.5659,4.2198,-1.7909,-4.8197,-0.7678,-2.2469,-5.3388,-2.0092,1.0756,0
-0.59702,-1.9489,5.1095,3.2799,-1.1934,-1.089,2.2398,-10.735,-0.61999,4.4639,0
-0.064369,0.65686,0.79647,0.83824,1.9517,2.9249,2.3414,1.2987,1.2261,1.1994,1
0.79791,-0.48667,4.7828,2.4655,1.9735,-1.4257,-1.1751,-3.0892,1.0657,4.1543,2
2.7395,-0.078507,-0.49975,1.6063,-1.8328,3.2057,-0.67731,-5.0539,-4.8548,-2.1227,2
0.92915,-4.2894,0.057451,-1.9638,2.098,0.75766,-2.2445,0.77175,-0.32526,0.36613,2
2.6867,0.49172,-2.2171,1.1766,1.3759,-2.0834,0.99697,2.1533,0.07524,-1.6507,2
-3.667,-1.6109,1.6721,-2.7969,0.69883,1.018,-2.357,2.5408,-0.35928,-1.0099,2
-0.11776,3.3964,-3.3999,4.4064,-2.0121,-1.0711,5.7291,-2.9501,1.2182,-0.0026973,2
0.16392,-4.7308,0.75682,-0.56964,1.5956,-0.44169,0.15965,0.2921,1.0615,-1.0817,2
-0.50523,-2.4181,-0.86904,-0.011108,-0.71153,2.4418,-2.5353,-4.5272,-1.3822,2.9107,0
2.3551,2.0689,0.77044,-0.34128,1.258,-4.2438,-1.8677,1.4739,-1.7438,-0.14613,1
3.2705,-2.0332,0.92879,4.1771,2.635,0.29588,0.47464,-5.0313,-1.121,2.6503,1
-0.10969,-1.9715,2.8698,0.47272,-0.2121,-1.7521,2.5336,-5.9919,-1.3424,1.6238,0
2.4055,2.4215,NaN,0.5977,NaN,-3.9669,NaN,NaN,0.42767,NaN,2
NaN,NaN,-2.7754,-0.50798,NaN,-1.532,-1.6012,-5.547,NaN,NaN,1
0.42672,-0.74067,-0.60838,-0.067163,-0.42691,-0.74912,1.2132,0.78888,2.0461,-0.24735,2
-2.681,-2.8297,2.8421,-2.9342,0.39215,-1.0011,-2.7923,2.0495,0.43494,-1.1925,2
-1.1073,0.16252,0.31816,1.4959,-0.48009,-0.093931,-1.3538,0.10245,2.0579,0.96502,1
-3.12,-1.8442,0.12974,-4.097,-0.01842,-0.46209,-3.8948,2.0076,-1.8827,-1.1429,2
-1.4794,-0.55761,0.50678,1.0445,0.053634,0.88287,0.91722,-0.28648,0.8071,-0.46439,1
1.375,-2.398,-2.1614,4.639,0.97507,0.24062,2.5669,0.26616,2.7331,-2.6486,2
2.1783,-1.8202,0.89954,-1.187,0.64911,3.2209,1.307,-2.5823,-2.0323,0.83589,2
-2.4239,2.7243,1.6972,-2.4707,0.096317,0.48696,-0.98587,2.7905,-2.1156,-1.3248,1
-5.1251,0.5838,2.9736,1.3025,-2.3171,0.12796,-1.6375,-0.027463,3.5011,0.42865,2
1.1825,0.81185,1.6426,1.6458,-2.5182,1.5265,1.1612,-3.4434,2.1231,2.1553,0
3.0637,-2.7381,1.0441,0.09705,0.88229,0.27727,-4.8747,-2.0768,0.88779,4.2502,1
1.3647,3.8421,2.0348,0.21947,2.2989,-3.6413,-2.1935,5.6832,0.41442,-0.81579,1
0.16732,-0.88498,1.2017,-0.17406,2.107,-2.5557,3.471,-2.3298,-1.7663,0.84526,2
0.036261,0.84488,2.9695,1.6814,2.824,-4.8641,5.8482,-2.7967,-0.19626,2.2263,2
NaN,0.92148,-5.98,3.6157,NaN,-3.1741,NaN,-4.4305,NaN,NaN,0
-1.7175,-1.874,3.9376,-0.3764,-1.7204,-0.85673,-1.0622,-0.69176,1.1446,-2.0276,2
-2.4904,1.262,0.2929,2.2028,-3.5788,-2.0313,-0.15408,-4.4437,1.273,1.5302,0
2.8951,1.0492,0.48612,3.1109,-1.5753,-0.65679,0.2988,-3.5388,-0.80983,-0.59788,1
-0.14991,-3.2745,-3.2319,3.3027,-1.6418,1.4786,-2.0897,-8.6931,-1.152,4.0222,0
-3.5567,-0.49805,-0.55772,-0.14277,-0.22373,-1.0129,0.96343,1.5393,1.9128,-0.74311,1
-1.9785,-0.85274,-2.2554,2.8383,-3.4652,-0.63591,-0.32314,-5.2374,-1.2472,-1.6854,0
1.1214,-1.0766,-0.8143,1.4336,1.3784,2.5571,0.073054,2.1346,1.3219,-1.1582,1
1.4236,0.30617,1.5886,-0.29525,1.1739,1.578,2.2633,-3.3464,-2.6375,2.0499,2
1.6852,-0.65123,-3.6445,1.3496,0.41506,-0.88274,-0.063969,1.6349,1.2605,-0.96222,2
0.74348,0.011838,2.4139,1.4103,-0.36521,1.8699,-1.9728,1.9979,3.1833,-0.16408,1
-0.98593,0.96968,0.39458,0.71446,-0.10297,1.2978,0.58162,-1.2627,0.90199,2.574,0
-0.35758,2.5566,-4.6061,-0.23985,-2.7141,-0.41435,0.79017,-1.2174,-2.5977,-1.5863,0
-1.0653,-0.4449,3.8829,1.9773,3.3475,-3.0055,4.5449,-1.4429,1.591,2.3965,2
-5.7779,-2.664,2.5686,-3.729,-2.7376,0.71171,-1.0097,2.8269,3.2323,-2.592,2
-3.1233,-0.81052,2.6197,-0.29746,3.4195,-0.42163,-4.1994,3.292,0.36519,1.2052,2
4.1071,-2.7763,3.5144,2.3245,-2.6928,0.74674,-1.1562,-6.4033,-1.5,-1.8221,2
1.4377,-2.5456,-4.3607,0.87871,-1.5251,0.94066,-0.3198,-0.98747,0.79454,-1.2991,2
-4.5487,0.28108,6.2934,1.5511,-4.6019,-2.2372,1.7594,-12.689,-1.3222,5.0494,0
0.28568,-0.87039,3.0927,0.96133,-3.0329,0.24043,0.78247,-7.4604,-0.8221,2.0032,0
1.3146,-1.5386,2.141,5.342,-3.126,-1.9482,-0.042341,-10.15,-3.5854,-1.9796,1
-0.1382,0.97502,4.4643,1.8565,2.2053,-1.0081,3.3803,-1.8234,-0.6515,0.76848,2
-3.7267,2.5112,0.30064,2.6757,1.0685,-0.45796,3.6456,0.80077,2.4992,1.3396,0
1.4085,-2.859,-1.9016,0.58995,0.8882,-0.19121,0.47645,0.59158,-0.093627,-2.4805,2
-3.4073,-2.1628,1.9627,0.15449,-2.1992,2.5011,-2.3725,-4.936,-0.26877,2.0606,0
-2.1377,-1.5914,0.13883,2.4822,1.224,-1.1441,0.32179,-5.175,-1.2576,2.8982,1
0.70214,0.60313,0.14187,2.8672,2.9222,3.2314,2.2601,1.8447,1.6015,0.58125,1
0.073901,-2.4351,-2.4856,2.2848,0.52337,0.72723,-1.9942,-4.185,-1.1046,2.3144,0
-4.3143,-3.0956,0.87702,6.8047,-4.8864,0.90892,0.5548,-14.413,0.63009,4.009,0
0.73321,0.35591,0.63673,1.4623,0.48804,-0.90069,-1.1186,4.8319,2.0305,-4.0578,1
0.80674,-1.8898,-0.23793,-2.4061,-3.0071,1.4523,0.067063,-2.9141,-2.7741,-2.6257,2
-0.27283,0.39703,-2.0677,0.3378,0.35037,0.24178,-1.1443,1.1783,-0.80812,-0.84718,0
-2.528,2.0818,1.4551,3.1765,-1.5486,1.777,2.249,-2.7511,2.7941,2.6692,0
-1.6243,-0.68327,-0.77931,4.8245,-2.9448,3.5582,-0.35792,-10.837,-2.4564,3.351,0
-2.4181,-1.8083,-2.562,0.331,-2.8264,-1.6355,-1.3004,-3.5375,-1.4984,-1.576,0
0.57522,0.58582,-0.20591,1.7297,-2.3803,1.1446,-1.3213,0.38987,0.82961,-2.8365,1
-1.1591,0.58576,-0.44132,2.1454,1.4776,2.892,2.3618,1.6409,1.7704,-0.10264,1
0.43544,0.73866,0.85584,2.552,-1.1609,-0.53173,-0.85003,-1.9428,-0.32996,-0.91208,1
-0.044556,0.32399,2.7007,-1.8764,-1.2453,-0.94434,0.18704,-1.6744,-0.74096,0.69596,0
1.4666,-0.29609,-1.2036,-1.0594,-1.0514,4.3897,-0.24194,-3.435,-4,0.12055,2
-0.5068,2.4698,0.79112,1.188,-0.057001,2.6254,2.3265,1.9116,3.121,1.2817,0
-1.1499,0.55567,1.839,-0.07804,-0.0050671,-4.6179,1.6045,-1.6222,0.049239,0.89947,0
2.0869,0.17905,-0.7876,1.5606,-0.52356,-4.3779,-1.6204,-3.7203,-1.8163,1.1691,1
0.80753,1.5032,-1.2909,0.99134,0.32,3.3629,-0.77819,-0.33386,0.79724,3.3433,0
3.4718,-0.719,3.5146,2.1772,-1.9148,1.7864,1.4303,-5.9913,-3.3571,-2.5878,2
-1.1191,-0.13333,-1.463,0.43133,-2.2703,2.2377,-1.6325,-3.4343,-1.5458,0.65834,0
0.79038,-0.75076,0.88279,0.16489,-3.5356,2.1848,-0.98169,-4.6153,-2.0008,-1.2402,2
-0.7407,0.40511,0.45157,-1.445,-2.8239,1.71,-0.16879,-1.2652,0.017238,-0.16135,1
-2.7886,-3.0922,3.1538,-3.4958,-0.042932,4.0231,-3.7438,-2.5186,-0.423,4.4133,0
-2.2792,-0.79911,-1.974,0.90869,-3.2808,2.567,-2.5065,-5.9853,-3.8309,-0.42343,0
0.69019,-1.4289,0.7894,3.0423,3.4738,1.8798,0.13635,-0.16729,0.75343,1.5571,1
1.5361,-1.6694,0.89408,0.23453,-2.5525,3.6573,-1.7539,-3.7165,-1.7166,-1.1559,2
0.88518,-0.30632,-2.5127,1.683,-4.6127,-0.12522,-0.81635,-4.7816,-1.0325,-1.6588,1
1.2573,-1.4972,-2.0414,-3.3409,-2.5162,3.3236,-2.6555,-3.2922,-6.2184,-2.3875,2
1.2731,-0.87344,0.12544,3.7419,2.337,-1.9508,3.1144,0.78576,2.5916,-0.76259,2
-0.40092,-3.1935,-1.8733,3.8399,-0.30221,1.5959,-2.1863,-7.142,-1.2971,2.8395,0
-1.5498,-0.8854,1.397,-1.1596,-2.4743,2.304,-0.52392,-2.0377,-0.30081,-0.49444,2
1.1783,-0.65051,3.3961,-0.89043,-2.1725,3.3597,-1.2529,0.10287,2.5383,0.27073,1
-1.8476,-2.6145,-0.82468,2.2376,-2.0155,0.66247,-0.92326,-6.8315,-0.66638,1.9358,0
-1.8113,-2.044,-0.71831,-0.32193,-1.9695,1.5771,-2.5266,-3.3717,-0.055421,1.7966,0
1.3182,4.6264,-1.7573,1.8843,1.1757,-3.4693,3.9459,4.4859,1.7676,-1.5617,2
3.1398,0.4573,1.0972,2.4896,0.13353,-3.2349,-0.61355,-1.5709,-1.1661,-1.4302,1
0.83618,1.353,0.93555,2.2046,0.81495,-3.1924,-2.2556,1.5126,-0.54253,-1.9881,1
0.57124,-0.028598,1.6009,-0.11581,1.6389,-3.9229,1.9764,1.1132,1.7406,0.93753,2
-2.176,-1.9644,-1.3107,-2.9455,-1.0478,2.7719,-3.0614,1.1197,-1.5991,-1.6735,2
-3.8881,1.1798,1.8834,1.1969,-0.79644,-2.1738,3.0605,-3.5615,0.63819,2.1679,0
-0.7649,1.6725,1.734,0.21496,2.0302,-2.4751,-1.9377,6.7279,0.96957,-3.6363,1
0.50708,0.81859,-2.1104,1.1203,0.13111,-1.5528,2.2169,-0.17681,0.51134,0.12318,2
0.63405,1.1602,2.2116,1.2702,-1.1257,-1.5138,-2.6458,-1.3613,-1.737,-1.459,1
1.2244,-1.8478,2.464,3.8924,5.7204,-2.8064,3.6616,1.8454,1.7205,-0.7946,2
-2.8445,-1.8027,2.3673,-3.4452,0.024044,0.6383,-2.496,1.9456,-1.2116,-1.8784,0
-1.539,-1.7674,1.144,2.5071,0.78839,0.58142,3.4193,-4.5542,0.89674,2.4248,2
0.64016,-0.57044,0.70104,2.0241,-0.16292,-2.4425,0.59649,-0.33892,0.73769,-1.989,1
0.77296,0.16502,-0.62732,-1.4169,-0.51543,2.7694,1.2034,-3.1989,-4.2289,-0.04492,2
0.60542,-0.74911,1.5728,-0.75013,1.1637,3.7342,-1.8203,2.862,2.8895,1.9989,1
-3.8368,3.3174,4.0983,-1.5984,-4.3234,-1.2967,-0.58384,-3.4001,-0.0098328,2.1368,0
1.9435,-2.8955,-2.4029,-0.82996,0.91158,-0.021354,-2.9583,4.1788,2.1369,-1.591,2
1.2735,1.2052,1.1077,0.72284,-0.12281,-2.6543,-1.1361,-1.2957,-1.3072,0.26134,1
-0.17569,-0.46446,-1.4704,0.48084,-0.63871,3.8735,-1.296,-6.2733,-3.6393,3.7191,0
2.1828,-0.46933,-0.22489,1.6357,5.093,-0.41565,-0.86368,7.6369,2.4953,-1.9267,2
-1.7624,-0.77917,-0.96845,0.88435,-2.0917,1.9649,-1.7219,-4.4386,-1.5592,1.0739,0
1.4268,4.5675,3.5162,-1.3829,-2.3217,2.3824,-3.1311,1.5021,-2.2611,-1.624,1
-3.5278,-1.6508,2.647,-1.8656,-2.134,-0.18635,-0.56334,0.77585,0.42224,-3.5434,2
0.83455,0.26826,-1.761,0.79618,1.9024,0.25446,1.0735,-0.45105,-1.902,0.39083,0
NaN,-0.022249,2.5774,1.5271,NaN,-2.9601,NaN,-5.6889,NaN,NaN,0
1.695,2.2108,-0.1023,0.86725,-3.8945,1.0832,-2.3514,-1.4382,-1.3434,-2.3381,1
-0.50964,-0.11395,-0.90965,-1.1131,-3.0368,-0.53802,-1.7231,-2.0767,-1.71,-1.3624,1
-0.87821,0.5365,-0.79695,-0.46448,-1.7038,-1.264,-1.3745,-0.38341,-0.76406,-1.0223,1
-2.6649,0.2988,1.4666,-0.41171,-2.4706,-0.30588,-2.9672,-2.059,-0.81871,0.049118,2
-0.13752,-1.1518,2.2401,1.2881,-0.13494,0.5456,-2.9312,0.37718,2.3255,0.6302,1
-3.2603,-0.07902,2.3974,0.68601,-1.6705,-1.0853,-1.4159,-0.51332,0.28686,-1.9894,2
0.94874,0.41463,-1.6351,1.732,0.51478,4.1183,-2.6548,-1.8018,0.58147,4.6544,0
0.96753,-0.6145,-1.5186,1.0986,1.3627,1.314,-0.55419,-1.5566,-2.2577,0.45945,0
0.4009,1.4866,0.82116,1.3339,2.1128,-2.8145,2.3486,1.2554,1.559,1.3914,2
0.50018,-1.6056,-1.2453,1.7112,-0.4826,-1.178,2.3033,-1.2769,2.2311,-0.1273,2
2.7513,0.29124,0.42661,2.8576,5.0136,3.1998,1.0241,1.7205,1.2518,3.2098,1
2.9382,-0.64598,-2.3973,5.5537,5.5695,2.3207,-1.3167,1.3057,2.0255,3.8605,1
-1.0517,-0.22487,0.89955,0.55772,-1.0422,2.4269,-1.8459,-1.4981,-0.96891,-0.3361,2
-2.7177,-1.2707,-0.1175,5.5383,-2.6239,-0.30058,1.8054,-9.725,-0.52116,1.7934,0
0.69226,-3.5998,-1.1739,-3.3316,-1.4413,1.3731,-3.1992,-0.89658,-3.6248,-3.1937,2
3.9408,0.57298,-7.797,6.8118,-0.42751,2.3288,0.18045,-8.561,-3.2126,3.6323,0
-0.61131,-1.6809,2.8542,3.0687,2.7441,-1.805,4.6498,-3.38,0.77772,1.5207,2
-0.038416,-0.69487,4.8063,1.2516,-3.2814,3.3564,1.3172,-8.9635,-0.75484,3.2884,0
-0.075574,-2.0115,3.3087,-2.3604,0.43331,2.6093,-3.4959,4.579,3.0467,-0.54312,1
0.86758,1.8671,-0.50063,2.1666,1.3877,-2.2426,3.9642,2.2764,1.6498,-1.4393,2
1.0435,1.1703,3.5256,-0.10666,3.1254,-3.3452,0.6442,2.9794,0.89822,0.61852,0
1.666,-1.4567,-2.812,0.28906,-0.42299,-1.5865,0.31797,-0.03707,0.017193,-1.5789,2
NaN,NaN,1.1359,4.1766,NaN,-0.21025,3.3032,1.5398,NaN,NaN,2
0.36094,-2.2172,1.4563,0.010142,-0.4502,0.40671,-2.0384,-2.9693,0.30834,2.2147,1
-2.1473,0.25499,-3.9453,5.8354,-6.0346,-0.069121,0.75571,-9.9758,1.3082,2.5016,0
2.7559,-1.124,-3.0764,1.8892,2.5081,0.019774,-1.3837,6.3724,1.7557,-4.1916,2
-3.0365,1.9867,2.1481,-0.87465,-1.5628,-3.7863,1.1824,-1.5952,0.17094,1.1872,1
-3.0487,-0.69452,-3.6053,-4.1651,-3.727,0.90336,-2.7861,-1.1164,-4.4892,-3.0979,2
2.1482,3.7914,3.0738,-0.51016,-0.8566,1.5411,-1.0011,1.0317,-1.5867,-0.7358,1
-0.34203,-2.6334,0.55532,1.3647,-0.27167,-0.75418,-1.3809,-2.6443,-0.25568,-0.3844,1
0.34147,-0.50272,1.1189,-0.41535,-0.49884,-0.55017,1.2302,-1.8596,-0.5682,0.10161,1
2.91,-1.0457,-0.19358,3.7919,4.149,-2.1902,1.428,4.8692,2.634,-3.0727,2
-0.62533,-1.2135,2.7438,1.5962,-0.89177,-2.4863,2.9407,-6.897,-0.52064,2.3106,0
-0.091913,-0.30418,2.6387,2.0305,-0.25414,0.27414,-0.76851,-4.3582,0.87142,3.8985,1
0.95472,-3.2816,0.72269,-0.027052,0.6997,-1.7691,-2.0485,-4.1291,-1.5252,2.0884,1
2.4598,0.39603,-5.0333,-1.4931,1.1177,1.1495,-1.0865,0.28547,-4.4026,-0.35712,0
1.8292,0.50732,0.39479,2.3221,-1.6353,-0.023924,-0.74327,-0.52078,0.4066,-2.3687,1
2.1182,0.28995,-0.5009,0.32946,3.9303,-1.2537,-0.55175,4.618,0.3231,-0.37912,2
-0.095926,-0.77442,-1.0814,0.37675,0.187,2.0682,-1.2613,-2.1169,-1.5876,1.2482,0
-1.3051,-1.6137,-0.26555,0.45266,-2.1397,-1.4762,-0.48605,0.059993,1.4142,-2.8935,1
-0.41814,-0.1265,0.82233,0.83079,2.4081,-3.0963,1.5092,1.0278,0.44909,0.1459,0
-2.5907,0.27649,0.45418,0.64034,1.5185,-3.1921,3.062,-0.68028,-0.25029,0.34089,0
-1.0209,0.14612,-1.0588,2.5561,-1.5017,-0.36275,2.1642,-4.2873,0.091938,0.88504,0
-1.4668,-0.66707,-1.2707,2.1457,-1.6337,-0.47267,-0.51,-2.0977,-0.7008,-2.1589,0
5.1259,-1.2744,-1.2955,6.062,5.0299,0.3038,0.44386,-1.6897,-0.24912,2.034,1
-1.2528,-0.674,-2.4543,1.5313,-3.3894,1.3191,-0.2318,-6.5736,-2.4781,0.2892,0
3.0918,0.93772,1.2724,2.1826,4.8571,5.0743,-1.228,6.2727,4.4559,3.0062,1
2.8979,-0.036543,0.64819,2.0063,-3.5679,-0.29614,-2.0565,-3.1754,-0.6875,-2.4163,1
-0.81465,-2.8954,2.317,-1.9675,1.8667,-0.98445,0.57543,0.080309,0.2782,0.79916,2
1.4458,0.85122,0.19187,0.87671,0.62166,0.64196,1.779,1.7862,2.0834,0.10836,0
2.0144,-0.13875,0.51576,0.84432,3.6781,1.7619,-2.1802,2.8762,2.1699,3.6912,1
2.9225,-0.26456,1.2499,2.0478,4.2795,1.2982,-0.32347,2.6967,1.3122,1.425,1
-2.355,-2.0869,0.79391,-1.6804,-0.6372,3.276,-4.29,-2.1736,-4.4171,-1.369,0
0.22405,-0.74254,-0.11265,2.1176,0.82059,-3.1392,3.6965,-0.08133,2.1421,-0.89102,2
3.05,-0.40592,1.514,2.9044,1.0695,1.434,1.4944,-2.2722,0.13478,0.61466,1
-0.63484,-0.35668,3.1676,0.28286,0.61986,-3.115,3.3477,-3.7024,0.18842,2.4809,0
-0.9122,2.1225,-1.4121,0.27661,-1.2511,-2.1734,0.55176,2.198,2.1187,-0.49278,0
-3.9405,-1.7038,-0.050503,-4.4366,-1.9298,1.1885,-1.1159,1.4222,0.44648,-0.67287,2
2.6179,-0.012492,-0.22608,-0.73706,-0.57251,-1.991,-1.9877,1.9638,0.84617,-0.97921,1
1.4096,0.80223,-0.75468,-1.0783,0.78439,-3.5175,-1.4366,1.9002,-0.73503,-0.25611,1
-2.0236,1.3021,-0.14268,3.8775,3.9139,0.42679,1.9072,0.2669,1.1807,3.0235,1
2.3399,-0.80823,-0.50381,-0.074733,2.6871,-2.4052,1.0313,4.6848,0.20679,-3.6555,2
-0.96364,-0.021574,1.305,-1.9706,-1.3413,-0.39261,0.18408,-1.5353,-3.4588,-2.5203,2
-0.20042,-0.43804,4.2005,-2.6283,-1.1876,2.5586,-2.4585,3.0689,3.2441,0.46264,1
-3.1928,3.5905,0.86853,0.5984,-1.5287,-0.53522,0.90077,1.0624,1.8172,0.70478,0
2.1326,-0.33504,2.4135,2.0163,3.3433,0.71682,-2.6699,1.1462,2.0111,3.654,1
2.2206,-1.3434,4.587,-0.54208,0.38098,1.255,-1.1539,-0.48996,0.82652,0.75864,1
2.5709,0.17477,-1.0654,2.945,3.695,-2.1025,1.1051,4.9785,2.3404,-1.9141,2
2.9074,-2.0792,0.20283,4.9844,3.4524,0.28255,-0.39888,-2.4632,-0.00519,1.5074,1
2.6587,-0.87365,0.37574,0.79687,2.8902,2.3615,-2.0041,2.1227,1.8583,2.7217,1
-2.9394,-4.3551,1.6301,4.1723,-1.1012,0.085297,-0.40185,-7.9567,2.4605,3.9738,0
-0.92717,-1.2275,-5.5789,2.9754,-4.0396,-0.75328,-1.1907,-6.7088,-1.2754,0.29281,0
1.6854,0.60937,3.1941,0.59287,1.8706,2.8736,-2.2197,3.7441,3.6025,2.2006,1
-2.7488,-0.1741,-1.3063,-1.1902,-4.7759,3.0519,-0.019401,-2.1985,-1.2364,-3.0446,2
-1.0635,-3.7614,4.2261,-2.2417,-0.13643,-0.38679,-3.975,0.7783,0.35528,-1.5477,2
0.89736,-0.68459,0.3723,1.7729,2.5379,-1.4988,3.0065,0.28941,1.2424,0.52275,0
0.72696,-1.0515,1.6097,-0.5775,4.6702,-2.8677,-0.21596,4.0119,0.87863,0.69323,2
-1.9873,-4.1389,1.709,0.85997,1.1803,-0.064375,1.9126,-2.7603,1.6382,1.2777,2
0.7736,2.8195,-0.97201,-0.66488,1.3786,0.44597,-0.41126,7.8781,2.662,-1.7608,0
0.24085,-1.1641,-1.2694,3.589,3.039,1.3015,0.67444,2.386,2.38,-0.4022,2
3.0003,0.33253,1.7887,1.431,2.1854,0.99765,-1.0749,3.5656,2.2955,-0.034058,1
-0.16264,-1.5903,0.046062,4.7783,1.5611,0.31536,3.0838,0.50352,3.7356,-1.2787,2
-1.0913,-1.3909,-2.6111,1.0901,-1.8472,0.68143,0.26419,-7.0596,-3.7202,0.96029,0
-1.4763,-1.6207,3.9585,-0.0183,-0.63109,0.75427,-0.8906,-0.9299,0.025873,-1.593,2
-0.14723,-1.8233,-2.8686,1.606,-0.22688,-0.72254,-0.032713,-3.7562,-1.4824,0.5484,0
2.0973,1.7629,-2.2355,2.3264,2.5826,-0.97337,1.5624,7.6089,2.4896,-4.3609,2
2.4381,-3.1853,-0.40423,-0.79432,3.2503,-2.7055,-0.66195,3.3531,-0.49934,-2.7928,2
-1.3213,0.18951,0.66469,-2.0819,-0.44315,2.5667,-1.8392,0.56988,-0.26033,1.3711,0
1.1233,-0.63856,1.2439,1.6287,0.39932,-2.4314,0.32581,-1.9178,0.00051597,0.17897,0
1.3824,-1.0907,2.6451,-0.61239,-0.19125,0.5558,-3.1111,-0.16293,1.6834,2.2094,1
2.2978,0.36376,4.2336,-0.13455,-1.1098,1.7953,-1.9202,2.3145,3.1315,-0.46426,1
-1.2256,1.4999,0.18147,-1.8095,1.056,-4.0994,0.39046,3.6019,0.10021,-1.0064,0
0.11165,-2.9309,-1.2965,-0.94135,1.6543,1.0229,-3.0461,-0.08607,-0.046499,2.2909,0
0.88681,-0.21602,-0.48998,-0.16004,-0.45618,-3.3343,3.5474,-0.8236,0.2993,-1.0874,2
-4.3173,3.4179,0.51016,-1.3949,-1.8468,-2.8431,0.4957,1.1158,-0.22893,-0.54262,0
-1.7233,-0.90037,1.962,-1.0642,1.3441,1.981,-2.2721,1.2479,-1.9532,-1.2838,2
1.0846,2.2883,0.10889,-0.80819,-1.2678,0.025935,-3.1936,2.6744,-0.80922,-1.9265,1
-2.1835,-0.074373,-1.829,1.3495,-2.5744,-2.1361,0.39836,-1.5585,-0.23615,-2.7528,0
-0.087662,-1.6934,-2.854,-0.32153,-3.1514,-2.0433,-1.6226,-4.9869,-0.45263,1.9376,1
-0.087818,-0.088856,3.6563,1.4174,0.35986,-2.819,0.66861,-3.5309,-0.32414,1.6408,0
-1.3322,0.80586,0.86341,4.4935,3.0819,-0.61963,2.3702,0.60034,2.443,1.3814,0
0.097376,-3.2752,1.904,0.75752,0.58188,0.010498,-1.8786,-3.2095,-0.47092,1.1078,1
0.10803,-0.12932,1.2496,0.87842,0.02857,0.50473,0.54788,1.2127,1.2694,-1.4806,1
-1.6657,-1.0204,0.60197,-2.6979,0.81209,0.099903,-2.1617,0.9767,-1.8411,-0.04906,2
2.8515,1.9407,4.4487,5.7494,0.32444,-2.7288,-1.9056,-1.6206,-2.5849,-4.6638,1
5.1431,-1.8627,2.7533,1.9093,1.8414,-0.073942,-3.3035,-1.2597,0.67298,2.0995,1
1.8537,-1.7678,0.071549,1.6162,2.4261,-0.18131,0.12709,-3.6694,-1.3771,3.1704,1
1.2806,-2.7528,-0.69074,-0.65287,-3.7381,-1.3833,-0.73952,-6.5067,-1.5477,0.31841,1
-0.57601,-3.3894,1.686,2.2508,2.5634,-0.39956,1.8958,2.1187,3.9747,-1.1607,2
4.1566,6.8399,-1.0489,0.92426,5.782,-5.9398,2.3365,11.744,0.2893,-3.7833,2
-6.1603,-0.30778,-0.71723,-1.0705,-3.4219,2.6729,-0.11886,2.4542,2.991,-2.782,2
0.11508,-2.6981,-2.6051,0.95552,-2.88,0.7702,1.483,-5.4195,0.35756,0.68436,2
0.89791,-0.84345,-0.029223,3.3023,2.1221,4.0956,-0.27814,-5.5695,-1.0526,5.6941,0
-3.1891,-1.226,-0.24626,-3.7742,-0.99735,0.66586,-0.57403,0.80146,-0.29829,0.037833,2
0.1045,-0.23579,2.1823,-0.98257,-4.1176,-2.1594,0.083598,-5.9854,-0.58187,1.5208,0
1.8508,-0.93163,2.6005,0.92312,2.1494,2.9364,-2.3478,2.0031,2.5953,2.2258,1
2.4109,-0.38663,1.3254,3.9029,-0.71048,-3.4389,0.76721,-8.5962,-2.9397,1.8269,1
-0.8108,0.3168,0.76518,-0.72807,-1.3111,-0.20062,-1.325,1.8832,0.22884,-2.5814,1
0.54274,3.4834,0.56027,2.6678,3.7344,3.1123,-0.47969,4.919,4.6193,4.9455,1
2.3344,-1.9306,-0.23385,1.5427,2.7266,1.5504,-1.2836,2.2524,1.2204,-0.24016,1
1.9986,1.6942,0.28042,-0.65719,-1.208,-0.67219,-2.7082,1.3471,-0.071083,-0.2862,1
2.9441,2.0635,2.3264,1.103,-3.6015,-1.0619,-0.54317,-9.522,-5.7201,1.3134,1
-1.6407,-2.4694,-0.081515,-4.7021,-3.3228,1.1767,-1.6052,-1.0867,-2.2007,-2.5224,2
2.9556,-1.603,1.2539,-0.11019,-0.46348,1.0339,1.433,-1.0298,-0.73293,-2.2999,1
-1.166,2.0428,-1.0856,0.42064,-1.8583,-2.4252,0.12305,1.0142,1.6183,-0.4523,0
2.2202,2.3682,2.4521,0.52996,0.074998,-2.4297,-1.2753,-1.8876,-3.5954,-0.47992,1
1.7534,-0.52039,0.28979,-1.1661,1.4619,3.2442,-1.2945,3.1204,2.3478,2.0441,1
1.6951,1.5751,0.48864,1.4935,2.3471,-0.56903,1.5743,4.2191,3.0358,0.22296,0
1.3823,1.2678,1.3471,6.3164,5.6677,-1.1755,4.0516,5.4643,4.116,-1.8315,2
1.9277,3.1294,2.8327,2.2722,-0.11053,-0.20587,-1.6428,1.8855,-1.133,-3.2771,1
3.0011,-2.4578,2.0442,1.3708,-4.6042,-2.2257,-1.4967,-9.4768,-1.0834,1.5035,0
0.65827,-0.038293,1.5518,1.8024,1.0672,-0.54569,-2.7721,-0.041415,1.9344,2.7623,1
2.434,1.1467,1.0952,3.1239,-3.4124,0.67779,0.063005,-4.2383,-1.5752,-2.763,1
-3.7214,3.1714,1.5964,1.0999,-2.3362,-0.69824,1.147,-1.4723,1.6558,1.6179,0
2.4972,-1.4803,-1.3623,3.7155,2.217,1.3942,0.14365,-0.17641,0.60796,-0.33388,1
-0.089601,-1.3824,-0.32402,3.2068,0.71698,-1.7606,1.9252,-4.1777,-1.5559,-0.52693,1
-0.81363,-0.72114,-0.2192,0.56231,-4.9188,1.2563,1.5199,-4.1252,-0.83009,-3.5272,2
3.8898,-2.4467,3.0668,0.041502,2.1072,2.2167,-2.8415,0.61636,1.129,1.6963,1
-3.3419,6.9921,1.3878,-1.0437,0.1878,0.10067,-1.5739,9.2233,3.0706,-0.71993,0
0.98232,-0.11505,3.0697,-0.88242,2.9021,2.7523,-1.3363,6.0528,3.0488,0.19873,1
0.08101,-0.53559,0.51424,2.9968,1.5185,-0.16446,-0.080859,-3.2685,0.32639,3.3043,1
-2.5076,-2.912,1.6507,-4.9106,1.6189,1.356,-3.5989,2.9136,-1.3288,-0.11108,2
2.2945,0.81172,-1.0772,0.92371,-2.0029,-1.2035,-1.5042,-1.0815,0.16407,-0.29163,1
-3.2367,-1.5129,3.6343,-0.72027,-1.1629,-1.5196,-2.0473,0.54492,1.6394,-1.2668,2
0.91491,-0.12185,0.43177,2.011,-1.9652,-1.0588,-1.6537,-1.357,-0.18184,-2.4035,1
-3.1369,2.1787,-0.87122,2.3494,-2.8178,-0.20706,1.5355,-2.0875,2.412,1.2718,0
-3.848,3.9034,1.6111,1.5729,-0.023339,0.063546,1.8086,1.641,2.5395,1.6111,0
-1.3842,1.9944,1.9773,2.6807,-3.6683,1.4258,2.1323,-5.0268,2.6489,2.9386,0
-0.8112,-2.5476,0.68339,-1.2809,1.4671,2.321,-2.9495,-1.8476,-0.41414,4.1166,0
0.31298,-0.72539,-4.2409,1.5976,-0.95564,1.4355,-2.1337,-4.1472,-4.8212,-1.2056,0
-1.0356,-1.519,-1.3921,5.4479,-1.6245,1.7434,-0.057029,-8.7918,-0.98796,2.6223,0
-1.0067,-2.9504,3.9181,-4.7627,0.18877,-0.73411,-1.9332,0.26622,-0.88968,0.173,2
2.593,2.1696,1.7491,1.2055,-0.10399,-0.78121,-3.2058,6.6526,1.1781,-5.7317,1
2.486,0.36173,2.222,0.38552,0.57149,-0.63196,0.76069,0.50435,1.5948,0.85447,0
-1.2776,-0.55926,2.2797,1.5606,1.5511,-1.2883,3.7587,-1.374,1.7819,1.5081,2
-0.63598,1.0877,-0.99844,0.077983,-2.7262,2.2834,-0.26789,-3.7311,-3.3545,-0.9944,2
-1.8781,0.77596,3.4593,0.18133,-2.8026,-5.2324,-0.64326,-5.5067,-1.0421,1.4959,0
-0.091025,-3.0017,4.2801,-0.58081,-3.5734,0.34889,1.2252,-1.4975,-0.50864,-7.0666,2
-0.85512,1.4968,-0.99808,2.2871,0.60806,-1.2459,1.8276,1.5121,2.5614,0.40263,0
-0.64818,-1.9666,-0.71752,2.2875,0.33044,0.1432,-0.37324,-3.2629,0.82531,2.242,0
0.39606,-0.74581,-2.2313,-4.5618,0.39728,1.6369,0.66886,-1.2372,-6.1578,-1.1187,2
5.7288,-3.3108,1.1072,1.8049,2.2476,1.2226,-1.858,-1.8697,-0.50466,0.8449,1
1.1014,-1.7093,2.6885,-1.6227,-0.57244,1.85,-2.4541,1.7277,1.8692,-0.2958,1
3.8984,-2.7188,-0.67244,2.9019,2.8716,2.8734,-1.7065,-1.5292,0.66973,2.7737,1
0.053949,-0.87804,-0.22026,-0.89333,-4.5042,3.1733,-1.6896,-4.3424,-2.5851,-1.9364,2
0.79165,-2.7846,-1.8163,2.9865,1.9013,2.0632,-0.32609,2.7691,3.3961,-1.3769,2
4.0894,-0.16931,1.6964,3.3664,4.4456,2.2203,-2.3932,2.2977,2.6326,3.507,1
-0.49525,-4.3661,-1.69,2.9609,-0.5085,1.828,-1.8521,-8.9624,-2.5802,3.0207,0
-1.2425,-1.4131,-2.6059,1.0864,-2.7695,1.4706,-2.7258,-4.1433,-3.0717,-1.8387,0
1.7368,-6.9416,-0.3318,2.1922,1.7726,-1.7581,0.62096,-1.869,1.9699,-1.4714,2
0.37644,0.49131,2.5315,4.1782,-1.1333,-1.2135,-0.26475,-2.9824,-1.7121,-3.616,1
-3.0795,2.1956,-0.56876,1.214,-1.2448,-1.7444,1.7627,0.064075,1.8374,0.47991,0
1.9444,-1.2281,-1.2466,4.0985,2.4707,-0.62724,0.3197,-2.2111,-0.49353,0.86261,1
1.0618,-1.5205,1.0634,3.0308,0.40255,-1.4973,-0.92905,-4.4679,-0.34558,1.7907,1
-1.5426,0.3134,-0.59007,3.2494,-1.8735,1.5133,-0.44281,-3.4058,2.2162,2.5359,0
-1.3227,-1.2549,3.8072,1.6959,0.13311,-0.54737,0.24394,-0.64412,1.7381,-0.81777,2
-2.1136,1.8902,1.6092,0.96298,0.22024,0.63432,1.3485,0.18691,0.68539,0.68975,0
2.6889,2.7242,0.82198,-1.0435,0.61376,-0.11734,-2.4118,6.3921,1.2996,-1.8528,1
0.83241,1.2288,-0.17944,-2.1121,0.25662,-2.1195,-2.0031,3.7191,0.20895,-0.627,1
0.048258,-3.5699,-1.2979,0.72432,0.14931,0.77481,0.95002,-5.1321,-1.295,1.5953,2
0.054999,2.0184,1.4242,1.9116,-3.4282,0.29799,-0.55563,-8.5209,-5.9196,-0.29861,1
-0.68047,2.7778,0.0077969,-0.67372,-2.779,1.9604,-1.7516,-1.859,-2.5669,-0.083784,1
0.18601,4.2826,4.1478,4.6895,2.1299,-3.5839,-1.905,0.7322,-2.1991,-1.9494,1
-2.6207,0.082041,2.1218,0.86849,-0.13717,0.82747,-2.3857,4.7156,3.9404,-1.8129,1
2.1795,-0.89668,-2.9383,-0.026457,2.902,1.5565,-2.1834,0.97056,-2.427,0.86328,0
1.6331,2.0984,2.2501,1.7986,-1.6221,-1.9139,-1.3099,-5.2267,-4.2055,-0.26879,1
-3.721,4.1366,1.4223,0.12179,-2.4644,-3.1593,-0.22945,0.74608,2.1546,1.2208,0
0.7791,-0.24392,1.212,2.5538,3.0179,-1.3627,2.9517,2.1705,2.3079,-0.55648,2
4.4666,-1.7861,1.1867,4.1542,2.5088,0.22905,-2.3345,-4.0615,0.30657,4.2871,1
-0.5267,-1.6937,5.6533,2.1827,-3.6317,-1.339,3.1419,-13.233,-0.74597,5.0304,0
1.5872,0.91785,-2.9183,-0.1644,1.1826,0.02545,0.30044,4.6509,0.42904,-2.3747,2
-1.1737,-4.0198,-4.2888,2.8896,-4.6058,3.7723,1.6959,-10.418,0.15161,2.591,2
-0.779,-2.2161,-1.1758,0.96976,-0.0084128,1.2626,-0.22956,-0.22569,2.4008,0.86496,2
1.1424,-0.47311,0.2405,-0.9289,-2.3873,-0.15826,-0.63649,-0.63264,0.46106,-1.1178,1
-2.0526,-2.3319,0.10716,-1.3255,-0.35498,-0.11716,-3.4002,1.427,2.4916,1.1997,0
-1.4307,-2.1066,5.1886,2.3321,-2.4893,-3.3546,0.30827,-11.805,-2.3086,3.4713,0
3.2666,-1.4882,0.16315,1.3989,2.2959,1.4527,-1.3043,0.27997,0.87636,1.756,1
-4.0543,1.4413,2.5227,3.3342,-4.2866,3.859,2.7583,-8.3799,1.472,3.95,0
-2.2271,-0.27817,-2.9075,-2.7704,-1.5396,1.0099,-2.0156,-1.0821,-2.746,0.29661,2
-1.7449,-2.5904,4.3276,-0.095209,-0.28977,-1.4039,-2,0.59531,2.2494,-1.2119,2
2.0229,0.73811,0.12641,1.1948,0.55514,-5.1193,0.35863,-4.845,-2.9394,2.2942,1
3.0835,0.15829,1.0797,4.6039,4.6326,2.8514,-0.92559,2.6933,2.9041,2.3489,1
-4.0774,4.5506,-0.048575,1.8274,-4.5676,-0.31069,-0.72068,-0.77,2.9337,1.2322,0
2.0412,0.027918,-0.16832,1.6258,2.8995,-2.2477,1.279,2.36,0.95513,-0.45785,2
0.39984,0.59112,2.6472,0.82555,-1.0519,2.4245,-1.4955,3.6161,4.0036,-1.3644,1
0.31174,-0.29789,-0.44433,1.0215,-2.2398,3.3431,-0.67078,-3.8066,-2.807,-1.5368,2
1.061,1.0733,-0.54155,1.2836,2.4089,-2.956,2.0085,4.0497,1.6472,-1.5529,2
-0.64882,-0.53374,-1.981,4.2105,-2.17,0.96702,-0.28472,-4.9742,0.52687,0.86681,0
0.22659,-0.51938,1.015,3.2545,3.5535,0.010555,2.2047,1.0206,2.2608,1.2688,2
0.7323,-1.0126,1.1768,-1.0688,1.5824,1.5279,0.74931,0.53941,-0.024264,0.89605,1
-3.098,1.759,-3.3296,-3.0365,-5.0387,-2.3819,0.28115,-0.055435,-1.6764,-3.591,0
-2.7168,1.9538,1.3691,2.557,-0.62803,-1.3797,1.4113,-1.5476,2.1978,2.0315,0
-0.97363,1.2224,3.6973,2.6571,-0.71797,0.59453,2.1845,-4.1613,1.8255,3.3819,0
-1.0733,-2.1255,-0.1565,-0.20147,-0.94791,-1.1518,2.5191,-5.4565,-0.53401,2.3264,2
2.4637,1.8886,0.66443,0.75049,-2.2404,1.0871,-2.8299,2.7459,1.0573,-3.0244,1
0.12745,-0.60474,0.48073,2.2587,0.38193,-2.6301,0.6429,-0.63345,1.0226,-0.79306,1
0.39252,-0.22054,1.7005,2.4218,-3.709,0.57294,2.7486,-4.8109,0.58688,-1.8251,2
0.16403,3.8997,0.22562,-0.62262,0.49046,-4.7903,3.5343,2.359,1.0132,0.48807,2
-2.0502,-3.3567,0.30497,1.9124,-1.351,1.8157,-1.6189,-7.5327,-0.84052,3.2733,0
1.9437,-0.82072,-2.8186,-2.5968,-1.9094,3.3125,-0.83815,-4.0309,-6.5927,-1.7464,2
-0.11876,-1.6641,1.5087,-2.1879,-3.0884,2.3364,-0.44853,-2.9426,-2.3895,-2.3832,2
-0.76769,-2.6755,0.82953,-1.4143,0.42163,-0.98898,0.84692,-1.832,0.52042,1.6972,2
1.0143,2.7131,1.5216,0.44396,4.0507,-3.9117,2.4459,5.3955,1.8692,0.36532,2
-1.4019,0.32168,2.1779,-0.79654,0.96153,2.4668,-1.4369,4.6599,3.5068,0.62194,1
-1.772,-3.1576,-0.1466,4.0694,-1.4999,0.9662,-0.27004,-9.2396,-1.353,2.3738,0
-5.5373,-2.4929,-0.89626,-4.6369,-6.1968,1.6873,-2.4315,0.97757,-0.48114,-6.2836,2
-1.2902,0.14949,-0.087616,1.5508,-1.4272,2.821,3.8029,-3.3017,1.4922,1.6391,0
-0.87243,1.2152,1.5212,3.0101,-4.5172,3.3889,-0.45549,-3.5883,-0.70892,-3.3773,1
3.6881,-0.68404,0.36014,2.072,2.8882,2.7742,0.31719,1.2336,1.1171,1.063,1
2.7799,3.5197,3.1316,-1.0556,-3.9844,2.1737,-1.9005,-4.2384,-3.4475,0.60856,1
-3.3865,-1.9623,4.9127,-1.1179,-0.13604,-0.97213,-2.0676,1.6671,2.6058,-0.59556,2
-0.60188,-0.27889,-0.67171,-0.013438,-0.02162,1.2762,-0.36919,-1.1047,-0.43861,1.1791,0
-1.1862,-2.5554,1.6647,-0.72211,-0.29105,-3.5921,4.6645,-6.0818,-1.3524,1.3401,2
0.45704,1.1871,2.1211,-0.24956,-1.4351,-1.4791,1.3314,-1.4429,1.3905,1.5285,0
0.44178,2.9943,-0.47585,-1.4891,-3.3779,0.85514,-2.0199,-0.99466,-1.8749,-0.14843,1
0.68573,-3.5694,-1.3973,-0.59822,0.7676,0.97875,-1.1193,2.447,1.835,-1.643,2
-1.1105,2.1183,1.2223,-0.13581,-1.4016,-2.3529,-1.27,0.91826,0.73833,-0.22438,0
-1.0792,3.7624,0.18328,1.4221,-1.7057,0.39006,1.2651,2.0389,3.9167,1.209,0
0.41608,-0.12256,0.31556,-0.41098,-3.7657,0.70067,0.018994,-4.8458,-0.56758,1.0213,1
-0.76235,-2.1405,4.1524,2.8048,-4.5671,0.27513,-0.45012,-12.771,-1.7246,3.3673,0
1.619,-0.63489,1.0146,0.49168,-0.62747,4.0923,1.4607,-2.8834,-3.8773,-2.9975,2
4.4275,0.73502,1.175,4.334,-1.207,-2.6729,0.022455,-5.2206,-1.4701,-0.4151,1
2.2129,-2.7453,-1.5658,-0.22503,2.2872,-1.0733,-0.94237,2.166,-1.1768,-2.7406,2
0.19194,0.3691,0.17331,2.1555,-1.4848,0.13748,1.6348,-2.709,1.8691,1.4269,0
-0.38894,-1.2492,1.2251,1.9661,0.51229,2.5353,-0.78556,-1.379,1.7136,1.9269,1
0.091169,-2.4899,1.2482,-3.8283,-0.07977,1.2675,-2.4755,-0.12106,-3.7943,-2.238,2
-0.3934,-2.0499,3.8272,-1.8344,-0.22645,-1.3947,-3.5506,0.87692,0.89849,-0.22725,1
0.22105,2.209,0.82703,0.44847,-2.0399,1.4934,-1.3256,-0.7566,-0.75503,-0.43407,1
-2.4365,1.3495,1.6249,0.17416,-2.014,-1.2472,1.8676,-2.931,0.95266,1.919,0
NaN,1.0397,-4.5568,2.6645,0.9192,-2.3362,NaN,NaN,NaN,NaN,2
-0.1708,-0.39257,-0.65984,3.5021,1.6183,-0.70569,2.4871,1.4997,3.1094,-0.7064,2
0.23598,-3.1779,0.60934,-0.8837,0.16628,-2.4769,1.9404,-0.7735,0.49299,-1.567,2
-2.0423,-2.042,1.2695,-0.61438,-0.31658,0.5862,-0.7358,-2.366,-0.26816,1.1568,0
3.6835,-0.040223,NaN,2.1888,NaN,2.0204,NaN,NaN,1.3608,NaN,1
-3.3157,1.6805,2.8969,-1.1952,-3.0259,-3.2701,0.44873,-3.8904,-0.47792,1.7227,0
3.1267,-0.031621,-1.3696,0.73408,-1.5921,-2.8566,-4.1754,2.7293,0.79913,-3.4836,1
1.1929,-2.6112,-1.3677,0.21192,-0.49667,-0.60779,1.1969,0.10464,1.3883,-1.8741,2
0.027694,0.44134,2.0374,0.16802,-2.686,-2.2105,0.27051,-3.9941,0.46904,1.5296,0
2.3276,-2.3787,0.2207,1.7426,0.55903,0.84306,-3.0212,-1.7404,1.0051,1.8755,1
1.9341,1.6372,0.65122,3.4513,-1.8831,-0.85996,-1.7466,-0.15623,-0.32492,-3.7558,1
NaN,-1.0657,1.0942,NaN,NaN,-0.076918,-0.96444,-1.8411,NaN,NaN,1
-2.9336,-1.6801,0.45698,-1.6813,-1.4205,-0.57145,-2.0632,0.37513,0.70402,-0.74239,0
0.072704,0.41656,-0.94579,-0.65644,-0.60568,-2.6386,2.4452,-2.1177,-0.38973,1.3027,2
1.0952,1.2447,-1.8198,2.0311,1.8091,-0.38148,0.79434,6.1476,3.4187,-2.2682,2
-0.78703,1.4866,-0.70308,0.62801,-0.49431,-1.4404,4.2045,-2.5107,-0.35272,1.108,2
-4.0869,-0.64454,-0.060261,-2.05,-2.2207,2.6998,-1.5516,0.85985,0.031794,-1.6001,2
-1.0855,0.71008,1.8149,0.38305,-1.823,1.2615,3.6813,-3.0739,0.96458,1.0705,2
-0.50039,2.0488,4.3312,-0.7541,1.6416,0.22689,2.1158,1.2576,0.85415,1.825,0
-1.7643,3.0398,4.2006,1.6709,-3.4889,2.1858,-0.92186,-3.6458,1.6143,2.8226,0
-1.3929,-2.5434,2.7927,-1.3826,0.42693,0.31248,-3.9847,1.4557,0.38224,-0.8646,2
-3.074,1.2435,4.6924,2.7696,-3.2276,-0.2642,0.8666,-8.2029,0.28856,3.73,0
3.759,0.67472,0.78271,1.8126,-3.3023,-0.12323,-1.261,-4.9112,-2.2898,-1.2679,1
0.38999,0.19957,1.0521,0.34513,-1.8808,-1.676,-2.0179,-0.7982,-0.76015,-2.0176,1
3.0427,-1.3109,2.3229,2.6158,1.7808,2.5544,-0.78774,-0.85851,1.3106,1.4561,1
-2.0969,0.89401,-2.6843,2.5357,-2.4027,-1.5573,1.0041,-1.6239,1.8728,-0.15198,0
0.67786,-1.5607,-3.3067,1.2807,0.096776,1.6216,-1.1108,-5.2093,-4.057,1.2663,0
-3.1385,2.9004,2.021,-0.19851,-0.77673,-1.3479,1.7946,0.22963,1.0443,1.1291,0
-0.96371,-2.4527,0.08811,-0.50757,-1.2322,0.8587,-3.7987,0.69322,-1.5082,-4.1648,2
1.4488,1.5237,3.7321,2.8278,1.3192,-1.6643,-0.29205,1.7539,0.64364,-2.1394,1
-0.77842,1.2078,1.9441,0.35758,-0.2818,-3.9149,-0.24665,-0.46412,0.4346,0.55664,0
-0.66204,-2.2667,1.2049,2.5345,3.1733,-1.7918,2.5505,1.8737,3.1627,-0.6024,2
0.58795,-2.5578,-3.6319,6.4722,-0.63926,2.4404,0.96066,-14.488,-4.3903,5.7414,0
2.3974,0.37099,1.8902,1.7947,4.2037,2.0422,-1.8858,3.7915,2.7134,2.9348,1
1.3455,0.020684,0.45506,1.6264,2.0054,3.6381,1.1779,0.84139,1.5936,1.723,1
-0.50366,-3.9152,-0.6325,-5.0136,-1.658,1.9981,-3.055,0.022578,-2.5151,-2.2827,2
1.4529,-1.2894,-1.8712,2.6969,0.50349,-0.28257,1.6849,0.30481,2.3248,-0.83901,2
1.9794,1.985,-0.78992,0.89531,1.5915,-3.7184,2.7042,2.8791,0.63408,-1.4633,2
4.4413,3.5949,5.1134,4.2354,-0.76878,-1.392,-1.7034,-1.9532,-3.4722,-3.9891,1
-1.5693,-0.88073,-0.16957,-2.0163,-1.1429,1.2786,-2.7726,-0.9202,-2.7871,-1.052,2
2.0767,-1.3978,3.9101,0.70402,1.5757,0.39722,1.1622,-2.4116,-0.99191,0.56792,2
0.32073,-0.69104,2.0835,1.9607,0.66761,-0.25897,-1.3093,-0.72057,1.1531,0.74615,1
-2.4373,-0.46314,1.7667,-1.2154,-2.5036,1.2232,0.48829,-1.7338,0.9526,0.26828,1
0.4913,-1.6731,1.4499,-1.7338,1.3193,3.5444,1.8462,2.5619,0.44295,-1.8116,1
-1.5018,-0.90513,0.25853,2.9451,-0.90725,-2.6238,2.4707,-5.3369,0.52889,1.4572,0
-0.66403,1.243,1.2604,1.5795,-3.4342,2.212,2.211,-4.1881,2.3875,2.429,0
0.80456,4.2173,-0.94937,3.3853,0.91933,-3.4816,5.1227,1.6989,1.8563,-0.61724,2
0.59673,-0.91857,2.0043,-1.186,0.38724,0.82707,-4.7569,3.3322,3.1727,1.7689,1
0.19423,-1.9668,0.32333,2.1222,0.25144,1.4146,1.9554,-1.8605,-0.49378,-2.2321,1
-2.7442,-1.2634,1.3433,0.27748,-2.2606,1.8307,-0.59257,-5.2202,0.351,3.0458,0
-3.923,0.078866,2.8649,2.1623,2.0433,-1.789,4.712,-3.8178,0.21089,2.872,0
-3.5693,0.7898,0.65316,3.8107,-3.3684,-1.3747,1.457,-6.7882,1.4571,2.4849,0
0.86578,-3.1813,2.2027,0.3092,4.1361,-1.9793,1.3274,2.6563,0.80254,-1.7227,2
-3.1428,-4.8332,-1.2175,1.2188,-2.4226,-3.7407,-0.092706,-6.7091,-3.3125,-3.6817,0
0.59389,1.9693,2.5615,-0.0874,0.79,-0.29323,-1.1014,7.271,2.5993,-3.8422,1
0.50824,1.0093,-0.48823,-1.8126,-0.56118,-1.2188,-2.7101,4.2667,-0.25792,-2.8726,1
-0.096369,3.1832,1.404,2.4108,3.6067,-3.6423,4.7268,2.2029,0.92795,0.56429,2
2.8543,-0.65701,0.83669,-0.45323,-0.21681,2.1019,-0.95764,2.9133,1.9764,-1.4881,1
-2.7587,-5.0131,1.9858,1.906,-0.88072,0.59846,-2.8321,-5.1094,1.8843,2.376,0
0.64224,-0.3962,-0.62463,0.48416,-2.7383,0.73609,0.82407,-1.9741,0.68905,-1.0412,1
-2.8043,0.047443,0.41063,-0.21346,-2.7787,2.6808,-2.1885,-2.9476,-0.45975,1.1583,0
-3.1545,4.5358,-3.8393,NaN,NaN,-1.9733,NaN,8.3918,NaN,NaN,0
-0.69152,-2.5494,-2.9638,0.046633,-1.2958,-0.056698,-2.0938,-4.2674,-4.0688,-1.3964,0
-1.7143,0.57983,-0.83588,3.2074,-0.34745,-1.4988,0.40287,-2.7498,0.64186,1.398,1
2.0817,-0.35816,-1.529,3.3591,3.0847,1.6568,0.051221,-0.99375,-2.0419,0.18397,0
0.42974,-0.12497,-1.5082,0.52346,-4.4617,4.6407,0.60254,-3.9035,-3.0134,-4.0159,2
0.042965,0.40589,-2.0594,0.43073,-0.67441,1.2904,-0.35334,-1.9872,-1.3447,1.0152,0
3.0844,-2.3287,4.5318,-0.03691,1.1277,1.1529,-4.4546,0.82396,1.9895,1.5163,1
-2.3873,-1.514,-2.8032,-0.020567,-3.6507,0.37867,-1.7711,-6.3437,-5.1014,-2.0885,0
2.7958,-2.7583,0.96246,0.78887,-3.0042,-1.273,1.361,-7.6527,-0.14909,1.6974,0
1.1284,1.3849,1.3592,-0.034069,0.88534,-2.5757,-2.3562,3.4789,1.0816,-0.53596,1
1.7526,3.2172,2.6143,1.5777,1.3301,-1.9149,-1.0756,2.3146,-1.3665,-1.9657,1
-3.9129,-0.65201,-1.423,-3.1956,-3.071,1.5204,-2.5629,0.97063,-3.7365,-5.5321,2
-1.8729,-1.449,-0.76134,-1.1577,-1.5249,1.0876,-2.4188,-2.7257,-2.0949,0.32576,0
0.084757,-1.1634,0.20782,1.6542,0.41239,3.2781,-1.4676,-3.2053,0.32015,3.5748,0
2.7032,-1.4449,-0.074907,2.526,2.8483,1.6792,-0.56407,-3.0274,-0.036107,4.4972,1
-2.9824,-1.0146,1.2785,-0.90547,-1.7564,1.1122,-2.0002,-0.97919,1.0955,0.8883,0
0.17542,-1.348,3.2714,3.2894,4.0163,-2.755,5.1069,-0.00096798,1.5392,-0.68455,2
1.884,-0.032372,-4.5734,0.12025,-2.1167,-0.69004,-0.11421,-0.76986,-0.082582,-0.72408,2
0.49458,-0.27258,-1.6888,3.7753,-0.42398,-0.70436,1.1877,2.62,5.8522,-0.86931,2
-1.7615,-2.5609,-2.9298,-7.3278,-1.0603,0.91706,-5.0417,1.4168,-5.7127,-2.3999,2
0.4475,-1.5042,-0.060428,-1.648,1.5113,3.869,-4.379,1.312,1.3097,4.3612,0
1.0561,-1.4935,0.24747,1.424,1.1446,-0.3502,0.01521,-2.3075,-0.59432,1.0646,1
2.4937,2.4378,3.5522,3.8538,-0.68572,-1.2184,-0.27986,-3.1465,-1.8388,-1.2717,1
-1.4992,-0.21684,-0.0019151,1.8826,-3.9161,4.7908,-0.683,-2.2649,0.1128,-2.9075,2
2.298,0.48732,-1.9986,0.82168,0.30098,-2.5257,2.0165,2.5547,0.98662,-2.7484,2
-4.0109,-1.8133,-0.38689,-4.0617,-1.5529,2.308,-2.6725,1.7379,-1.3321,-2.1673,2
-0.45394,-0.9515,3.0111,2.7393,-1.3907,0.017078,3.8408,-8.0863,0.81067,3.8182,0
NaN,0.18797,1.5424,NaN,0.65773,NaN,2.6939,NaN,NaN,1.6375,0
2.4447,-1.574,-2.1974,0.01733,1.3859,-1.754,-0.60326,6.5807,3.1416,-3.842,2
1.3703,-0.40783,0.939,1.1596,-1.4594,-0.5659,-0.35411,-2.7022,0.67543,0.83335,0
3.5476,-0.95017,-0.79513,2.4564,3.1128,2.6497,-0.87367,2.129,1.8032,1.2521,1
-4.0314,3.9661,-1.8446,2.3627,0.6304,0.91559,0.75948,5.1523,2.9394,-0.73336,0
-0.27637,-0.84571,-1.9721,-2.9026,-0.058661,0.81114,-1.2162,-0.33875,-2.504,0.48318,0
-0.13951,-0.34769,-0.48645,3.5352,-0.23502,1.5177,0.81036,-4.5251,0.85984,3.0865,0
-1.5174,-2.2048,-1.6685,3.7337,-1.3653,0.91884,-0.76168,-8.3527,-1.9794,2.4414,0
-0.93218,-1.3327,2.1648,-0.93793,1.3107,3.0795,-2.309,0.52639,-0.49082,0.91204,2
-1.011,0.31087,-1.3219,1.3201,-1.3905,1.7992,-1.7305,-1.396,-0.94642,-0.60549,0
-2.9305,-1.5149,-3.7419,-8.0667,1.6178,2.437,-2.771,2.8454,-5.2214,0.76343,2
1.7162,-1.2278,0.83902,1.6913,2.1168,2.3554,-3.3408,3.1408,3.0711,1.1822,1
0.49858,4.1848,3.2057,-1.6588,-2.3406,-1.2519,-3.8236,3.3759,1.2884,-0.1012,0
0.89556,-0.30687,1.1473,3.1872,4.832,-2.6141,2.6022,5.1959,3.1914,-1.7201,2
1.3761,-1.5451,-0.19309,2.2187,-0.94383,3.8403,2.0593,-2.3012,0.64751,-1.1847,1
-0.19762,1.7516,0.36734,1.3073,0.42449,1.5806,2.3286,-1.327,1.1991,3.1054,0
-1.2681,-0.45668,1.7827,1.7933,-3.0696,2.6205,-0.34414,-2.4999,0.27501,-2.3868,2
2.5845,2.8135,0.16191,-1.3885,1.8518,-0.48056,-0.37242,8.2302,2.3135,-1.8424,0
-1.1205,-2.8437,-2.7633,5.488,-1.7783,-2.9245,0.46575,-5.5838,1.2991,-0.71299,0
1.1048,-0.22686,0.45609,-0.45177,-2.5475,0.26188,0.94242,-2.9058,0.14476,0.33861,0
1.1458,-6.289,-2.1862,1.4121,-1.0779,1.989,-0.376,-2.4405,2.2514,-1.3577,2
-2.0149,-2.0622,0.59043,2.6266,-2.11,0.0042874,-0.39804,-4.4796,0.14857,-0.85732,0
2.8484,-1.239,2.6141,-0.042605,2.1163,5.2129,-0.77495,2.5347,2.2203,1.2292,1
0.094458,-0.50638,0.48728,-1.9675,0.92338,-1.9932,1.3538,-1.9249,-1.9632,1.7069,2
-1.4446,-1.3245,1.6167,-0.95877,0.041073,3.6677,-1.7908,0.18194,-0.62214,-0.39892,2
1.4241,-1.5907,-3.1389,4.0708,0.52514,0.33932,-1.0197,-2.4166,-1.5094,-1.5975,0
-1.5641,-1.5307,-0.80417,-1.1462,-1.076,0.82845,-2.9637,-0.50459,-0.25524,0.30269,0
1.4083,-1.1595,0.75014,0.29635,3.058,-3.8554,2.8458,-2.5984,-2.3944,1.2559,2
1.8303,-2.6327,-0.11137,3.4394,1.1344,-5.333,1.2402,-0.58317,1.7842,-2.2907,1
0.026681,-0.096011,-1.2078,-4.0296,0.70519,3.3552,-3.1534,1.1348,-0.70702,4.2752,0
-0.68687,-0.65065,-1.5582,-2.3314,-6.4236,2.1209,-2.0053,-5.5061,-1.6154,0.093465,1
-1.0109,0.21855,-0.78198,0.44216,-1.8332,-5.6583,1.4268,-2.3459,0.73194,0.2018,0
0.88458,-3.0292,-2.0798,0.80991,-0.52318,0.34774,0.42417,-1.0715,1.6808,-0.27598,2
-1.9028,-3.6805,-3.0606,5.0216,-3.6853,-0.32139,-0.86994,-11.714,-3.2997,0.11765,0
-1.0063,-0.085703,1.7252,1.4686,0.25305,1.1767,-1.8773,1.9063,3.1978,0.70307,1
0.49192,1.742,0.63862,2.2089,1.9865,0.90169,2.05,2.8656,2.8609,0.76328,0
0.37014,-0.11689,-1.121,NaN,NaN,-1.8944,NaN,-2.0235,NaN,NaN,2
-0.23496,-1.5093,1.021,1.1646,0.84055,3.344,-0.55105,-1.2007,1.2741,2.1458,1
-0.9352,-3.98,-1.4889,0.43549,-0.7251,1.0247,-3.2607,-4.6278,-1.4153,1.5334,0
-0.68801,2.543,1.6743,-1.9236,-0.30507,-0.47365,-1.5436,0.94579,-1.5397,0.69272,1
3.5999,2.0935,0.013002,3.4799,-4.0788,-0.34324,-1.9417,-6.2238,-3.1177,-1.2734,1
-1.4152,-1.1682,4.9528,0.54778,2.3121,-1.1359,-1.9718,0.69104,1.9336,2.1651,2
0.044121,-1.1762,-1.0696,0.01247,0.15294,2.6055,-1.0379,-4.3215,-2.1682,3.3208,0
0.72771,1.8807,0.41174,-2.8165,-0.27925,-3.2111,-2.5097,0.32815,-2.6653,0.85056,1
-0.14278,-3.2858,-2.65,2.9057,-1.226,2.3462,-2.6171,-8.4906,-2.908,2.7758,0
-0.88455,2.352,5.4466,0.62057,-1.5573,2.5979,0.55654,-2.987,1.1057,3.232,0
-1.3911,1.6983,-0.3388,0.4924,-1.4092,2.6595,-1.2193,-0.30973,-1.9517,-1.6422,0
1.5863,-1.1907,3.4574,-1.7132,-1.9512,0.67535,-1.1788,-1.0675,0.83128,-0.054541,1
0.94732,-3.281,-2.7978,0.60192,0.69821,0.72834,-3.1136,-1.272,-0.58239,0.70327,0
NaN,-2.4689,2.0643,0.50281,NaN,-2.2528,NaN,-2.3276,NaN,NaN,1
-4.828,1.4735,0.30364,1.8693,-7.8058,-2.7705,-2.1151,-9.3202,-0.71861,1.3639,0
-0.49749,1.4286,-1.7885,3.6831,-0.5602,0.16406,0.62841,0.35052,2.5769,0.054313,0
-1.4984,0.38242,-1.1771,1.0368,-3.0251,4.0632,0.79628,-2.3562,-1.4359,-2.5871,2
2.8002,-0.3525,2.0298,1.7516,1.1513,2.2902,-3.1903,2.957,3.5759,1.065,1
-1.9043,-3.3415,-0.23902,2.4918,-0.28733,1.1726,1.7682,-3.5401,2.3843,1.2875,2
2.8889,-0.15939,0.82895,1.4895,-2.8264,2.3787,1.5013,-6.6715,-3.4917,-1.1318,2
0.92843,-2.51,-2.2758,-0.96891,2.091,2.4113,-4.4952,0.49493,-0.5462,3.002,0
-0.28395,-3.3732,-0.38398,1.7915,1.7127,1.782,0.14436,0.096836,2.2783,0.44696,2
-1.194,3.9269,-1.5027,-0.047234,-1.6882,-1.7869,-1.1847,4.9441,2.6415,-1.2843,0
2.2196,1.7508,1.7973,2.4843,5.9345,-2.4262,2.9531,7.8909,2.671,-2.2897,2
-4.0005,3.8173,-0.57144,0.2084,1.0008,-3.1098,1.0754,5.065,1.8466,-0.6448,0
-1.381,-3.0044,2.6357,0.056687,1.537,2.5159,-2.1505,-2.3126,-0.26124,2.5245,0
3.9567,-3.1643,-1.4921,-0.38954,3.0924,-3.8416,-0.21032,2.1159,-1.9055,-3.4211,2
NaN,2.3785,1.7714,-1.4738,-0.99091,-4.7845,NaN,NaN,NaN,NaN,0
-3.0494,-0.98507,-0.85071,1.7125,-2.7161,0.11439,-0.50684,-5.1656,-2.8022,-1.9499,0
0.69446,-1.939,-0.4348,3.9159,1.346,0.781,1.3583,0.97643,4.2699,-0.13262,2
-2.9223,0.34492,-1.2956,-1.246,-1.5676,3.0688,-1.6931,-0.21176,-1.5622,-0.62328,2
-3.0895,-1.8149,-1.0889,2.1209,-3.5295,-0.27345,-1.1372,-5.7435,0.70365,1.0371,0
2.2639,1.2319,2.5708,0.62355,-2.7728,3.4715,0.3392,-1.5341,-0.083131,-1.5897,1
1.6202,-0.52726,-1.2065,1.0128,-2.7926,-1.3964,-3.8024,-0.21919,0.80197,-1.902,1
0.93142,0.81699,3.9383,-2.7573,-2.7969,-5.1402,-2.0122,-2.6421,-1.5703,0.28968,0
0.14617,-2.3401,-1.9672,1.303,1.4611,1.896,-0.96373,3.8753,3.0677,-1.5642,2
-3.4746,-0.99754,-0.14931,-1.9447,-1.9358,2.3144,-3.3678,0.81524,-0.44522,-1.3576,2
-3.4216,0.22352,2.8614,-2.7278,-1.1098,2.0957,-1.6472,0.97492,1.6011,2.0113,0
1.0598,0.029505,1.3684,1.0997,-0.14579,-2.3651,1.1924,-1.5333,1.0896,0.89344,0
0.092778,-2.0653,-2.1042,1.8714,-0.038572,4.0439,-2.7574,-7.2369,-2.3737,5.4161,0
-1.2845,0.065684,4.0477,0.76806,0.68229,-0.62783,5.4271,-4.5113,0.92399,3.5583,0
-2.0231,-3.0864,0.58974,-2.5095,-1.8086,2.6525,-2.7484,0.8844,0.16325,-2.3573,2
1.625,-1.6272,0.95277,-0.14127,0.82987,4.0134,-0.23994,-1.8638,-1.9207,0.28441,2
3.0792,-2.6639,6.6297,0.33089,2.5702,1.3402,-1.8269,-2.4548,-0.46145,2.4162,2
0.70191,-0.45947,0.26118,-0.69622,1.0368,0.69838,-1.3783,-1.5855,-4.0021,-0.4321,2
2.371,2.2788,-2.5714,2.3387,2.9006,-1.8378,1.2898,6.2669,1.2558,-3.1042,2
-1.5492,-1.1192,-1.661,-1.4436,-0.89425,-0.60505,-1.9165,0.10684,-3.1974,-3.4608,0
-0.69992,0.32358,2.405,1.2783,1.0511,-1.008,-1.5492,0.024681,1.6107,2.2312,1
0.33704,-0.70609,-1.5124,2.1122,0.51044,-2.0938,2.5887,-2.066,0.6236,0.56786,2
-1.4616,-2.3538,2.9481,-1.69,-2.8119,1.8589,0.56381,-1.4286,1.1055,-1.875,2
0.51825,3.1734,3.7012,2.0932,-1.5873,2.0996,1.7991,-3.7615,-2.2961,-0.48261,1
-0.79646,-0.22107,-0.053848,-1.1553,-2.8907,1.3254,2.1551,-3.296,-1.0891,-0.64884,2
1.1294,0.99736,-4.1906,1.334,-0.24755,-8.4327e-05,0.59101,-1.7159,-2.6749,-0.61142,0
2.4673,-2.2563,1.5501,2.203,3.9963,4.2235,-3.2883,2.6099,3.0046,2.8628,1
0.27019,0.01234,-1.6969,-0.12895,-2.943,-1.0982,-0.75488,-2.9387,-0.624,0.089678,1
-2.3067,-2.1273,-1.3437,1.986,-2.8364,0.6336,-1.565,-6.2407,-4.5127,-3.2794,0
3.108,-2.1607,0.61575,1.4977,1.9598,2.5198,-0.77618,-0.61373,0.76275,1.4473,1
-2.9743,-1.9804,2.3612,-4.4862,0.25548,0.019329,-3.3082,2.2137,1.2483,1.9862,1
-3.4487,-2.9522,-2.9479,-4.6645,-2.5878,1.983,-5.2387,1.7209,-2.0946,-3.0178,2
-0.0066525,0.20694,1.068,0.91813,-0.90796,-1.1,0.13486,-1.8303,0.32967,0.45316,0
-2.3354,-1.7095,4.6712,-2.0281,2.0542,-0.66652,-0.3679,1.4537,2.4955,2.7458,2
0.54994,-0.18837,-2.4536,0.50359,-4.0238,4.109,-1.8341,-3.6491,-4.8689,-4.7024,2
-1.1268,0.58986,3.3497,-0.3348,-0.25294,1.0191,-3.2073,3.9109,3.8932,0.57502,1
1.7774,0.53969,-1.8438,3.6994,1.2396,-2.7615,2.9064,0.85794,2.2734,-0.82103,2
-1.1501,2.8681,0.8956,-0.024129,0.8697,-3.2506,0.68081,3.9287,1.8774,-0.2064,0
-0.40426,2.4353,3.9665,4.195,-3.446,-0.20296,0.92009,-11.948,-7.4912,-0.80103,1
-0.2483,-1.1473,0.667,-1.2348,2.1055,2.9739,-3.6031,1.7819,-1.1364,0.95906,0
-0.53641,-1.0028,2.4515,0.22406,1.5452,2.7362,-2.5476,4.2645,3.4846,0.23339,1
3.6984,-1.061,-3.1852,2.3175,0.97157,0.081329,0.11907,3.2102,2.0552,-2.6825,2
-0.81057,-3.0817,0.23217,1.5904,0.61303,2.2748,-3.5694,-2.3846,0.98209,2.7146,0
-2.1575,1.2766,3.0255,1.7344,-0.76356,-1.3753,1.3696,-3.4264,0.46637,1.963,0
NaN,3.5766,2.9619,NaN,NaN,-1.8659,0.75433,-1.1832,NaN,NaN,0
0.06396,-2.1729,-0.52201,1.2345,1.3938,2.6273,-2.1662,-3.0581,0.39635,4.6524,0
0.26603,1.1099,1.9101,2.3579,-1.0171,-1.2385,-0.26443,-2.6421,-1.5523,-1.3895,1
-0.85939,-0.85017,0.3728,1.5491,0.055839,-0.082438,0.23807,6.2214,4.0754,-5.5832,1
-0.2198,-0.68925,1.7831,0.45407,0.63861,1.8659,-2.2438,1.03,2.3912,1.9956,1
-0.30362,1.6412,1.0736,1.9003,3.1081,0.75528,0.60421,1.4958,1.7152,3.3384,1
1.6305,0.12146,-0.76977,1.89,1.8712,-3.092,1.4111,3.1659,2.5736,-1.0889,2
1.003,-3.2319,1.6729,1.0068,1.0933,1.4462,-0.84646,-0.9116,0.06311,-0.98853,1
-1.9715,-1.4771,1.2203,2.2126,-1.1826,2.0736,-0.21678,-5.7171,0.16012,2.8409,0
1.9944,1.32,-1.3672,3.5496,3.1849,-2.4131,2.4967,3.1832,1.7835,-0.99179,2
1.5845,-1.7317,2.5237,0.31255,0.90542,0.8414,-2.2371,0.094048,1.1724,0.98914,1
-0.91578,0.65733,2.6586,1.7924,2.2308,0.36757,0.1902,10.247,5.0028,-6.3753,1
0.23046,-0.89037,-0.4433,0.28662,-0.26503,-1.3685,-1.9294,3.1855,1.5397,-2.9091,1
-1.4403,2.2048,3.3824,0.82205,-1.4301,-1.8297,0.51565,-2.2065,1.0405,2.0349,0
-3.8375,3.4703,-0.67565,2.7722,-2.9037,-1.0164,1.4621,-1.0728,3.3744,1.6047,0
-1.3385,-0.86813,0.8977,1.6449,0.7146,0.98057,-1.7792,-0.24228,1.8732,1.8605,1
3.7358,-1.8557,0.088356,4.3427,-1.2041,-6.0155,-1.5956,-6.7398,-1.9383,-0.67226,1
1.7953,-3.1203,-0.96691,3.7299,2.4368,-0.40295,1.5545,1.8892,2.6929,-2.7162,2
0.81321,1.7965,0.29425,-0.36134,0.61816,-4.6779,-1.9441,-1.9357,-2.8894,2.0157,1
-2.1788,0.21805,-3.574,-3.2223,1.1626,3.8017,-7.2482,1.2003,-7.0049,-0.43865,2
-1.1646,-0.82477,-2.1261,1.8955,-2.8004,1.0364,-1.1077,-4.8842,-1.0863,0.28141,0
2.3013,-1.0071,-4.5638,2.3758,1.8618,1.522,0.3277,-5.5693,-5.1229,1.9667,0
1.0908,-1.4272,-0.8113,3.0674,3.3478,-0.36435,0.78296,3.1224,2.74,-0.70341,2
0.18133,-1.201,0.53795,2.4793,1.1492,-0.62022,2.1026,0.56206,2.816,-0.39489,2
-2.4804,-2.2537,1.8828,0.55667,-1.1666,2.9955,-1.8075,-5.2993,1.244,5.0111,0
1.0884,2.0534,-2.489,-0.31334,0.25997,-0.26284,0.19431,6.0782,2.7757,-1.6568,0
-1.8335,-0.18659,-1.3969,1.1252,-2.7322,-1.241,1.3346,-3.7728,0.43548,0.3705,0
1.7318,-0.3554,-2.808,1.8529,-2.9628,0.19573,-0.36017,-1.6164,1.5534,-0.90654,0
-1.1728,1.0539,-0.76617,0.7502,3.6631,-6.1703,-0.58343,3.2717,0.49937,1.0056,1
0.70188,2.8323,-2.6427,1.7563,-0.93883,-3.5017,3.9617,-4.1414,-1.9724,1.3219,2
0.81954,0.59488,-2.208,-0.78662,-0.12862,-3.1081,-2.3413,3.5355,0.15382,-2.0906,1
1.0086,2.3155,2.2167,2.8,-0.64304,-0.54497,-0.11744,-1.9808,-2.5369,-2.3118,1
0.25272,0.29906,0.059966,2.7136,2.424,1.1872,-0.43115,0.67053,1.7493,2.461,1
-0.21848,-2.3518,3.7536,0.97802,-2.6352,-2.3493,4.0292,-10.948,-0.40695,4.2463,0
-1.1804,-0.64979,1.6265,-1.4288,-0.81241,-0.99968,0.62125,-1.7772,-1.0587,-0.1276,2
-1.7153,-1.3856,0.27902,-2.9294,-0.079979,0.7738,-3.0337,0.17026,-3.277,-1.3738,2
-0.54608,-2.34,-1.0946,-4.362,0.31397,1.7269,-2.7242,-0.041165,-3.0841,0.42726,2
1.5299,-0.34225,0.71812,0.74221,-2.9097,-0.23701,-0.30141,-4.1019,-1.2091,-0.90346,1
1.7352,0.27537,-1.532,-1.0852,-0.099949,3.224,1.0321,-3.031,-5.9293,-1.5228,2
2.5896,-1.9191,-1.3903,-1.0907,0.93767,-1.7557,0.0986,1.6388,-0.20311,-1.7662,2
